,Date_reported,Country_code,Country,WHO_region,New_cases,Cumulative_cases,New_deaths,Cumulative_deaths
0,2020-01-03,CO,Colombia,AMRO,0,0,0,0
1,2020-01-04,CO,Colombia,AMRO,0,0,0,0
2,2020-01-05,CO,Colombia,AMRO,0,0,0,0
3,2020-01-06,CO,Colombia,AMRO,0,0,0,0
4,2020-01-07,CO,Colombia,AMRO,0,0,0,0
5,2020-01-08,CO,Colombia,AMRO,0,0,0,0
6,2020-01-09,CO,Colombia,AMRO,0,0,0,0
7,2020-01-10,CO,Colombia,AMRO,0,0,0,0
8,2020-01-11,CO,Colombia,AMRO,0,0,0,0
9,2020-01-12,CO,Colombia,AMRO,0,0,0,0
10,2020-01-13,CO,Colombia,AMRO,0,0,0,0
11,2020-01-14,CO,Colombia,AMRO,0,0,0,0
12,2020-01-15,CO,Colombia,AMRO,0,0,0,0
13,2020-01-16,CO,Colombia,AMRO,0,0,0,0
14,2020-01-17,CO,Colombia,AMRO,0,0,0,0
15,2020-01-18,CO,Colombia,AMRO,0,0,0,0
16,2020-01-19,CO,Colombia,AMRO,0,0,0,0
17,2020-01-20,CO,Colombia,AMRO,0,0,0,0
18,2020-01-21,CO,Colombia,AMRO,0,0,0,0
19,2020-01-22,CO,Colombia,AMRO,0,0,0,0
20,2020-01-23,CO,Colombia,AMRO,0,0,0,0
21,2020-01-24,CO,Colombia,AMRO,0,0,0,0
22,2020-01-25,CO,Colombia,AMRO,0,0,0,0
23,2020-01-26,CO,Colombia,AMRO,0,0,0,0
24,2020-01-27,CO,Colombia,AMRO,0,0,0,0
25,2020-01-28,CO,Colombia,AMRO,0,0,0,0
26,2020-01-29,CO,Colombia,AMRO,0,0,0,0
27,2020-01-30,CO,Colombia,AMRO,0,0,0,0
28,2020-01-31,CO,Colombia,AMRO,0,0,0,0
29,2020-02-01,CO,Colombia,AMRO,0,0,0,0
30,2020-02-02,CO,Colombia,AMRO,0,0,0,0
31,2020-02-03,CO,Colombia,AMRO,0,0,0,0
32,2020-02-04,CO,Colombia,AMRO,0,0,0,0
33,2020-02-05,CO,Colombia,AMRO,0,0,0,0
34,2020-02-06,CO,Colombia,AMRO,0,0,0,0
35,2020-02-07,CO,Colombia,AMRO,0,0,0,0
36,2020-02-08,CO,Colombia,AMRO,0,0,0,0
37,2020-02-09,CO,Colombia,AMRO,0,0,0,0
38,2020-02-10,CO,Colombia,AMRO,0,0,0,0
39,2020-02-11,CO,Colombia,AMRO,0,0,0,0
40,2020-02-12,CO,Colombia,AMRO,0,0,0,0
41,2020-02-13,CO,Colombia,AMRO,0,0,0,0
42,2020-02-14,CO,Colombia,AMRO,0,0,0,0
43,2020-02-15,CO,Colombia,AMRO,0,0,0,0
44,2020-02-16,CO,Colombia,AMRO,0,0,0,0
45,2020-02-17,CO,Colombia,AMRO,0,0,0,0
46,2020-02-18,CO,Colombia,AMRO,0,0,0,0
47,2020-02-19,CO,Colombia,AMRO,0,0,0,0
48,2020-02-20,CO,Colombia,AMRO,0,0,0,0
49,2020-02-21,CO,Colombia,AMRO,0,0,0,0
50,2020-02-22,CO,Colombia,AMRO,0,0,0,0
51,2020-02-23,CO,Colombia,AMRO,0,0,0,0
52,2020-02-24,CO,Colombia,AMRO,0,0,0,0
53,2020-02-25,CO,Colombia,AMRO,0,0,0,0
54,2020-02-26,CO,Colombia,AMRO,0,0,0,0
55,2020-02-27,CO,Colombia,AMRO,0,0,0,0
56,2020-02-28,CO,Colombia,AMRO,0,0,0,0
57,2020-02-29,CO,Colombia,AMRO,0,0,0,0
58,2020-03-01,CO,Colombia,AMRO,0,0,0,0
59,2020-03-02,CO,Colombia,AMRO,0,0,0,0
60,2020-03-03,CO,Colombia,AMRO,0,0,0,0
61,2020-03-04,CO,Colombia,AMRO,0,0,0,0
62,2020-03-05,CO,Colombia,AMRO,0,0,0,0
63,2020-03-06,CO,Colombia,AMRO,0,0,0,0
64,2020-03-07,CO,Colombia,AMRO,0,0,0,0
65,2020-03-08,CO,Colombia,AMRO,1,1,0,0
66,2020-03-09,CO,Colombia,AMRO,0,1,0,0
67,2020-03-10,CO,Colombia,AMRO,0,1,0,0
68,2020-03-11,CO,Colombia,AMRO,2,3,0,0
69,2020-03-12,CO,Colombia,AMRO,0,3,0,0
70,2020-03-13,CO,Colombia,AMRO,6,9,0,0
71,2020-03-14,CO,Colombia,AMRO,4,13,0,0
72,2020-03-15,CO,Colombia,AMRO,3,16,0,0
73,2020-03-16,CO,Colombia,AMRO,8,24,0,0
74,2020-03-17,CO,Colombia,AMRO,21,45,0,0
75,2020-03-18,CO,Colombia,AMRO,20,65,0,0
76,2020-03-19,CO,Colombia,AMRO,28,93,0,0
77,2020-03-20,CO,Colombia,AMRO,15,108,0,0
78,2020-03-21,CO,Colombia,AMRO,20,128,0,0
79,2020-03-22,CO,Colombia,AMRO,68,196,0,0
80,2020-03-23,CO,Colombia,AMRO,0,196,2,2
81,2020-03-24,CO,Colombia,AMRO,81,277,1,3
82,2020-03-25,CO,Colombia,AMRO,29,306,0,3
83,2020-03-26,CO,Colombia,AMRO,72,378,0,3
84,2020-03-27,CO,Colombia,AMRO,92,470,1,4
85,2020-03-28,CO,Colombia,AMRO,21,491,2,6
86,2020-03-29,CO,Colombia,AMRO,232,723,0,6
87,2020-03-30,CO,Colombia,AMRO,69,792,0,6
88,2020-03-31,CO,Colombia,AMRO,-90,702,4,10
89,2020-04-01,CO,Colombia,AMRO,96,798,4,14
90,2020-04-02,CO,Colombia,AMRO,108,906,2,16
91,2020-04-03,CO,Colombia,AMRO,159,1065,1,17
92,2020-04-04,CO,Colombia,AMRO,96,1161,2,19
93,2020-04-05,CO,Colombia,AMRO,106,1267,6,25
94,2020-04-06,CO,Colombia,AMRO,139,1406,7,32
95,2020-04-07,CO,Colombia,AMRO,79,1485,3,35
96,2020-04-08,CO,Colombia,AMRO,94,1579,11,46
97,2020-04-09,CO,Colombia,AMRO,201,1780,4,50
98,2020-04-10,CO,Colombia,AMRO,274,2054,5,55
99,2020-04-11,CO,Colombia,AMRO,169,2223,14,69
100,2020-04-12,CO,Colombia,AMRO,250,2473,11,80
101,2020-04-13,CO,Colombia,AMRO,236,2709,20,100
102,2020-04-14,CO,Colombia,AMRO,67,2776,9,109
103,2020-04-15,CO,Colombia,AMRO,76,2852,3,112
104,2020-04-16,CO,Colombia,AMRO,127,2979,15,127
105,2020-04-17,CO,Colombia,AMRO,126,3105,4,131
106,2020-04-18,CO,Colombia,AMRO,128,3233,13,144
107,2020-04-19,CO,Colombia,AMRO,206,3439,9,153
108,2020-04-20,CO,Colombia,AMRO,182,3621,13,166
109,2020-04-21,CO,Colombia,AMRO,171,3792,13,179
110,2020-04-22,CO,Colombia,AMRO,185,3977,10,189
111,2020-04-23,CO,Colombia,AMRO,172,4149,7,196
112,2020-04-24,CO,Colombia,AMRO,207,4356,10,206
113,2020-04-25,CO,Colombia,AMRO,205,4561,9,215
114,2020-04-26,CO,Colombia,AMRO,320,4881,10,225
115,2020-04-27,CO,Colombia,AMRO,261,5142,8,233
116,2020-04-28,CO,Colombia,AMRO,237,5379,11,244
117,2020-04-29,CO,Colombia,AMRO,218,5597,9,253
118,2020-04-30,CO,Colombia,AMRO,352,5949,16,269
119,2020-05-01,CO,Colombia,AMRO,262,6211,9,278
120,2020-05-02,CO,Colombia,AMRO,296,6507,15,293
121,2020-05-03,CO,Colombia,AMRO,499,7006,21,314
122,2020-05-04,CO,Colombia,AMRO,279,7285,10,324
123,2020-05-05,CO,Colombia,AMRO,383,7668,16,340
124,2020-05-06,CO,Colombia,AMRO,305,7973,18,358
125,2020-05-07,CO,Colombia,AMRO,640,8613,20,378
126,2020-05-08,CO,Colombia,AMRO,346,8959,19,397
127,2020-05-09,CO,Colombia,AMRO,497,9456,10,407
128,2020-05-10,CO,Colombia,AMRO,595,10051,21,428
129,2020-05-11,CO,Colombia,AMRO,444,10495,17,445
130,2020-05-12,CO,Colombia,AMRO,568,11063,18,463
131,2020-05-13,CO,Colombia,AMRO,550,11613,16,479
132,2020-05-14,CO,Colombia,AMRO,659,12272,14,493
133,2020-05-15,CO,Colombia,AMRO,658,12930,16,509
134,2020-05-16,CO,Colombia,AMRO,680,13610,16,525
135,2020-05-17,CO,Colombia,AMRO,606,14216,21,546
136,2020-05-18,CO,Colombia,AMRO,723,14939,16,562
137,2020-05-19,CO,Colombia,AMRO,635,15574,12,574
138,2020-05-20,CO,Colombia,AMRO,721,16295,18,592
139,2020-05-21,CO,Colombia,AMRO,640,16935,21,613
140,2020-05-22,CO,Colombia,AMRO,752,17687,17,630
141,2020-05-23,CO,Colombia,AMRO,643,18330,22,652
142,2020-05-24,CO,Colombia,AMRO,801,19131,30,682
143,2020-05-25,CO,Colombia,AMRO,1046,20177,23,705
144,2020-05-26,CO,Colombia,AMRO,998,21175,22,727
145,2020-05-27,CO,Colombia,AMRO,806,21981,23,750
146,2020-05-28,CO,Colombia,AMRO,1022,23003,26,776
147,2020-05-29,CO,Colombia,AMRO,1101,24104,27,803
148,2020-05-30,CO,Colombia,AMRO,1262,25366,19,822
149,2020-05-31,CO,Colombia,AMRO,1322,26688,31,853
150,2020-06-01,CO,Colombia,AMRO,1548,28236,37,890
151,2020-06-02,CO,Colombia,AMRO,1147,29383,49,939
152,2020-06-03,CO,Colombia,AMRO,1110,30493,30,969
153,2020-06-04,CO,Colombia,AMRO,1340,31833,40,1009
154,2020-06-05,CO,Colombia,AMRO,1521,33354,36,1045
155,2020-06-06,CO,Colombia,AMRO,1766,35120,42,1087
156,2020-06-07,CO,Colombia,AMRO,1515,36635,58,1145
157,2020-06-08,CO,Colombia,AMRO,1392,38027,60,1205
158,2020-06-09,CO,Colombia,AMRO,1209,39236,54,1259
159,2020-06-10,CO,Colombia,AMRO,1483,40719,49,1308
160,2020-06-11,CO,Colombia,AMRO,1359,42078,64,1372
161,2020-06-12,CO,Colombia,AMRO,1604,43682,61,1433
162,2020-06-13,CO,Colombia,AMRO,1530,45212,55,1488
163,2020-06-14,CO,Colombia,AMRO,1646,46858,57,1545
164,2020-06-15,CO,Colombia,AMRO,1888,48746,47,1592
165,2020-06-16,CO,Colombia,AMRO,2193,50939,75,1667
166,2020-06-17,CO,Colombia,AMRO,2124,53063,59,1726
167,2020-06-18,CO,Colombia,AMRO,1868,54931,75,1801
168,2020-06-19,CO,Colombia,AMRO,2115,57046,63,1864
169,2020-06-20,CO,Colombia,AMRO,3171,60217,86,1950
170,2020-06-21,CO,Colombia,AMRO,3059,63276,95,2045
171,2020-06-22,CO,Colombia,AMRO,2357,65633,81,2126
172,2020-06-23,CO,Colombia,AMRO,3019,68652,111,2237
173,2020-06-24,CO,Colombia,AMRO,2531,71183,73,2310
174,2020-06-25,CO,Colombia,AMRO,2389,73572,94,2404
175,2020-06-26,CO,Colombia,AMRO,3541,77113,87,2491
176,2020-06-27,CO,Colombia,AMRO,3486,80599,163,2654
177,2020-06-28,CO,Colombia,AMRO,3843,84442,157,2811
178,2020-06-29,CO,Colombia,AMRO,4149,88591,128,2939
179,2020-06-30,CO,Colombia,AMRO,3178,91769,167,3106
180,2020-07-01,CO,Colombia,AMRO,3274,95043,117,3223
181,2020-07-02,CO,Colombia,AMRO,2803,97846,111,3334
182,2020-07-03,CO,Colombia,AMRO,4163,102009,136,3470
183,2020-07-04,CO,Colombia,AMRO,4101,106110,171,3641
184,2020-07-05,CO,Colombia,AMRO,3395,109505,136,3777
185,2020-07-06,CO,Colombia,AMRO,3884,113389,165,3942
186,2020-07-07,CO,Colombia,AMRO,3721,117110,122,4064
187,2020-07-08,CO,Colombia,AMRO,3171,120281,146,4210
188,2020-07-09,CO,Colombia,AMRO,4213,124494,149,4359
189,2020-07-10,CO,Colombia,AMRO,4144,128638,168,4527
190,2020-07-11,CO,Colombia,AMRO,5335,133973,187,4714
191,2020-07-12,CO,Colombia,AMRO,6803,140776,211,4925
192,2020-07-13,CO,Colombia,AMRO,4586,145362,194,5119
193,2020-07-14,CO,Colombia,AMRO,5083,150445,188,5307
194,2020-07-15,CO,Colombia,AMRO,3832,154277,148,5455
195,2020-07-16,CO,Colombia,AMRO,5621,159898,170,5625
196,2020-07-17,CO,Colombia,AMRO,5271,165169,189,5814
197,2020-07-18,CO,Colombia,AMRO,8037,173206,215,6029
198,2020-07-19,CO,Colombia,AMRO,8934,182140,259,6288
199,2020-07-20,CO,Colombia,AMRO,8560,190700,228,6516
200,2020-07-21,CO,Colombia,AMRO,6578,197278,220,6736
201,2020-07-22,CO,Colombia,AMRO,6727,204005,193,6929
202,2020-07-23,CO,Colombia,AMRO,7033,211038,237,7166
203,2020-07-24,CO,Colombia,AMRO,7390,218428,207,7373
204,2020-07-25,CO,Colombia,AMRO,7945,226373,315,7688
205,2020-07-26,CO,Colombia,AMRO,7168,233541,287,7975
206,2020-07-27,CO,Colombia,AMRO,7254,240795,294,8269
207,2020-07-28,CO,Colombia,AMRO,8181,248976,256,8525
208,2020-07-29,CO,Colombia,AMRO,8125,257101,252,8777
209,2020-07-30,CO,Colombia,AMRO,10284,267385,297,9074
210,2020-07-31,CO,Colombia,AMRO,8670,276055,380,9454
211,2020-08-01,CO,Colombia,AMRO,9965,286020,356,9810
212,2020-08-02,CO,Colombia,AMRO,9488,295508,295,10105
213,2020-08-03,CO,Colombia,AMRO,10673,306181,225,10330
214,2020-08-04,CO,Colombia,AMRO,11470,317651,320,10650
215,2020-08-05,CO,Colombia,AMRO,10199,327850,367,11017
216,2020-08-06,CO,Colombia,AMRO,7129,334979,298,11315
217,2020-08-07,CO,Colombia,AMRO,10735,345714,309,11624
218,2020-08-08,CO,Colombia,AMRO,11996,357710,315,11939
219,2020-08-09,CO,Colombia,AMRO,9486,367196,311,12250
220,2020-08-10,CO,Colombia,AMRO,9674,376870,290,12540
221,2020-08-11,CO,Colombia,AMRO,10611,387481,302,12842
222,2020-08-12,CO,Colombia,AMRO,10142,397623,312,13154
223,2020-08-13,CO,Colombia,AMRO,12830,410453,321,13475
224,2020-08-14,CO,Colombia,AMRO,12066,422519,362,13837
225,2020-08-15,CO,Colombia,AMRO,11286,433805,308,14145
226,2020-08-16,CO,Colombia,AMRO,11306,445111,347,14492
227,2020-08-17,CO,Colombia,AMRO,11578,456689,318,14810
228,2020-08-18,CO,Colombia,AMRO,11643,468332,287,15097
229,2020-08-19,CO,Colombia,AMRO,8328,476660,275,15372
230,2020-08-20,CO,Colombia,AMRO,12462,489122,247,15619
231,2020-08-21,CO,Colombia,AMRO,13056,502178,360,15979
232,2020-08-22,CO,Colombia,AMRO,11541,513719,204,16183
233,2020-08-23,CO,Colombia,AMRO,8419,522138,385,16568
234,2020-08-24,CO,Colombia,AMRO,10965,533103,400,16968
235,2020-08-25,CO,Colombia,AMRO,8044,541147,348,17316
236,2020-08-26,CO,Colombia,AMRO,10549,551696,296,17612
237,2020-08-27,CO,Colombia,AMRO,10432,562128,277,17889
238,2020-08-28,CO,Colombia,AMRO,10142,572270,295,18184
239,2020-08-29,CO,Colombia,AMRO,9752,582022,284,18468
240,2020-08-30,CO,Colombia,AMRO,8498,590520,299,18767
241,2020-08-31,CO,Colombia,AMRO,9394,599914,297,19064
242,2020-09-01,CO,Colombia,AMRO,8024,607938,300,19364
243,2020-09-02,CO,Colombia,AMRO,7230,615168,299,19663
244,2020-09-03,CO,Colombia,AMRO,8901,624069,389,20052
245,2020-09-04,CO,Colombia,AMRO,9270,633339,296,20348
246,2020-09-05,CO,Colombia,AMRO,8235,641574,270,20618
247,2020-09-06,CO,Colombia,AMRO,8488,650062,270,20888
248,2020-09-07,CO,Colombia,AMRO,8394,658456,268,21156
249,2020-09-08,CO,Colombia,AMRO,8065,666521,256,21412
250,2020-09-09,CO,Colombia,AMRO,5327,671848,203,21615
251,2020-09-10,CO,Colombia,AMRO,7665,679513,202,21817
252,2020-09-11,CO,Colombia,AMRO,7338,686851,236,22053
253,2020-09-12,CO,Colombia,AMRO,7813,694664,222,22275
254,2020-09-13,CO,Colombia,AMRO,7424,702088,243,22518
255,2020-09-14,CO,Colombia,AMRO,6876,708964,216,22734
256,2020-09-15,CO,Colombia,AMRO,7355,716319,190,22924
257,2020-09-16,CO,Colombia,AMRO,5573,721892,199,23123
258,2020-09-17,CO,Colombia,AMRO,6698,728590,165,23288
259,2020-09-18,CO,Colombia,AMRO,7787,736377,190,23478
260,2020-09-19,CO,Colombia,AMRO,7568,743945,187,23665
261,2020-09-20,CO,Colombia,AMRO,6526,750471,185,23850
262,2020-09-21,CO,Colombia,AMRO,7927,758398,189,24039
263,2020-09-22,CO,Colombia,AMRO,6678,765076,169,24208
264,2020-09-23,CO,Colombia,AMRO,5359,770435,189,24397
265,2020-09-24,CO,Colombia,AMRO,7102,777537,173,24570
266,2020-09-25,CO,Colombia,AMRO,6731,784268,176,24746
267,2020-09-26,CO,Colombia,AMRO,6555,790823,178,24924
268,2020-09-27,CO,Colombia,AMRO,7494,798317,179,25103
269,2020-09-28,CO,Colombia,AMRO,7721,806038,193,25296
270,2020-09-29,CO,Colombia,AMRO,7018,813056,192,25488
271,2020-09-30,CO,Colombia,AMRO,5147,818203,153,25641
272,2020-10-01,CO,Colombia,AMRO,5839,824042,187,25828
273,2020-10-02,CO,Colombia,AMRO,5637,829679,170,25998
274,2020-10-03,CO,Colombia,AMRO,5660,835339,198,26196
275,2020-10-04,CO,Colombia,AMRO,6192,841531,201,26397
276,2020-10-05,CO,Colombia,AMRO,6616,848147,159,26556
277,2020-10-06,CO,Colombia,AMRO,6905,855052,156,26712
278,2020-10-07,CO,Colombia,AMRO,7106,862158,132,26844
279,2020-10-08,CO,Colombia,AMRO,7650,869808,173,27017
280,2020-10-09,CO,Colombia,AMRO,7875,877683,163,27180
281,2020-10-10,CO,Colombia,AMRO,8496,886179,151,27331
282,2020-10-11,CO,Colombia,AMRO,8121,894300,164,27495
283,2020-10-12,CO,Colombia,AMRO,8447,902747,165,27660
284,2020-10-13,CO,Colombia,AMRO,8569,911316,174,27834
285,2020-10-14,CO,Colombia,AMRO,7767,919083,151,27985
286,2020-10-15,CO,Colombia,AMRO,5015,924098,156,28141
287,2020-10-16,CO,Colombia,AMRO,6061,930159,165,28306
288,2020-10-17,CO,Colombia,AMRO,6823,936982,151,28457
289,2020-10-18,CO,Colombia,AMRO,8372,945354,159,28616
290,2020-10-19,CO,Colombia,AMRO,7017,952371,187,28803
291,2020-10-20,CO,Colombia,AMRO,7201,959572,167,28970
292,2020-10-21,CO,Colombia,AMRO,6311,965883,132,29102
293,2020-10-22,CO,Colombia,AMRO,8256,974139,170,29272
294,2020-10-23,CO,Colombia,AMRO,7561,981700,192,29464
295,2020-10-24,CO,Colombia,AMRO,8570,990270,172,29636
296,2020-10-25,CO,Colombia,AMRO,8672,998942,166,29802
297,2020-10-26,CO,Colombia,AMRO,8769,1007711,198,30000
298,2020-10-27,CO,Colombia,AMRO,8174,1015885,154,30154
299,2020-10-28,CO,Colombia,AMRO,9167,1025052,194,30348
300,2020-10-29,CO,Colombia,AMRO,8166,1033218,217,30565
301,2020-10-30,CO,Colombia,AMRO,8717,1041935,188,30753
302,2020-10-31,CO,Colombia,AMRO,11187,1053122,173,30926
303,2020-11-01,CO,Colombia,AMRO,10029,1063151,209,31135
304,2020-11-02,CO,Colombia,AMRO,11033,1074184,179,31314
305,2020-11-03,CO,Colombia,AMRO,9137,1083321,201,31515
306,2020-11-04,CO,Colombia,AMRO,9935,1093256,155,31670
307,2020-11-05,CO,Colombia,AMRO,6136,1099392,177,31847
308,2020-11-06,CO,Colombia,AMRO,8692,1108084,166,32013
309,2020-11-07,CO,Colombia,AMRO,9893,1117977,196,32209
310,2020-11-08,CO,Colombia,AMRO,9756,1127733,196,32405
311,2020-11-09,CO,Colombia,AMRO,8714,1136447,190,32595
312,2020-11-10,CO,Colombia,AMRO,7440,1143887,196,32791
313,2020-11-11,CO,Colombia,AMRO,5176,1149063,183,32974
314,2020-11-12,CO,Colombia,AMRO,7612,1156675,174,33148
315,2020-11-13,CO,Colombia,AMRO,8651,1165326,164,33312
316,2020-11-14,CO,Colombia,AMRO,8686,1174012,179,33491
317,2020-11-15,CO,Colombia,AMRO,8685,1182697,178,33669
318,2020-11-16,CO,Colombia,AMRO,8307,1191004,160,33829
319,2020-11-17,CO,Colombia,AMRO,7742,1198746,202,34031
320,2020-11-18,CO,Colombia,AMRO,6471,1205217,192,34223
321,2020-11-19,CO,Colombia,AMRO,5911,1211128,158,34381
322,2020-11-20,CO,Colombia,AMRO,6875,1218003,182,34563
323,2020-11-21,CO,Colombia,AMRO,7487,1225490,198,34761
324,2020-11-22,CO,Colombia,AMRO,7954,1233444,168,34929
325,2020-11-23,CO,Colombia,AMRO,7049,1240493,175,35104
326,2020-11-24,CO,Colombia,AMRO,7924,1248417,183,35287
327,2020-11-25,CO,Colombia,AMRO,6562,1254979,192,35479
328,2020-11-26,CO,Colombia,AMRO,7515,1262494,198,35677
329,2020-11-27,CO,Colombia,AMRO,8497,1270991,183,35860
330,2020-11-28,CO,Colombia,AMRO,9496,1280487,159,36019
331,2020-11-29,CO,Colombia,AMRO,10023,1290510,195,36214
332,2020-11-30,CO,Colombia,AMRO,9103,1299613,187,36401
333,2020-12-01,CO,Colombia,AMRO,8763,1308376,183,36584
334,2020-12-02,CO,Colombia,AMRO,8430,1316806,182,36766
335,2020-12-03,CO,Colombia,AMRO,7986,1324792,168,36934
336,2020-12-04,CO,Colombia,AMRO,9297,1334089,183,37117
337,2020-12-05,CO,Colombia,AMRO,9233,1343322,188,37305
338,2020-12-06,CO,Colombia,AMRO,9285,1352607,162,37467
339,2020-12-07,CO,Colombia,AMRO,9642,1362249,166,37633
340,2020-12-08,CO,Colombia,AMRO,8854,1371103,175,37808
341,2020-12-09,CO,Colombia,AMRO,5997,1377100,187,37995
342,2020-12-10,CO,Colombia,AMRO,7510,1384610,163,38158
343,2020-12-11,CO,Colombia,AMRO,7523,1392133,150,38308
344,2020-12-12,CO,Colombia,AMRO,7778,1399911,176,38484
345,2020-12-13,CO,Colombia,AMRO,8998,1408909,185,38669
346,2020-12-14,CO,Colombia,AMRO,8163,1417072,197,38866
347,2020-12-15,CO,Colombia,AMRO,8702,1425774,187,39053
348,2020-12-16,CO,Colombia,AMRO,8742,1434516,142,39195
349,2020-12-17,CO,Colombia,AMRO,10130,1444646,161,39356
350,2020-12-18,CO,Colombia,AMRO,11953,1456599,204,39560
351,2020-12-19,CO,Colombia,AMRO,12196,1468795,227,39787
352,2020-12-20,CO,Colombia,AMRO,13277,1482072,232,40019
353,2020-12-21,CO,Colombia,AMRO,13990,1496062,249,40268
354,2020-12-22,CO,Colombia,AMRO,11160,1507222,207,40475
355,2020-12-23,CO,Colombia,AMRO,10845,1518067,205,40680
356,2020-12-24,CO,Colombia,AMRO,12526,1530593,251,40931
357,2020-12-25,CO,Colombia,AMRO,14233,1544826,242,41173
358,2020-12-26,CO,Colombia,AMRO,14940,1559766,281,41454
359,2020-12-27,CO,Colombia,AMRO,14941,1574707,236,41690
360,2020-12-28,CO,Colombia,AMRO,10196,1584903,253,41943
361,2020-12-29,CO,Colombia,AMRO,9594,1594497,228,42171
362,2020-12-30,CO,Colombia,AMRO,9310,1603807,203,42374
363,2020-12-31,CO,Colombia,AMRO,11015,1614822,246,42620
364,2021-01-01,CO,Colombia,AMRO,11639,1626461,289,42909
365,2021-01-02,CO,Colombia,AMRO,16314,1642775,304,43213
366,2021-01-03,CO,Colombia,AMRO,12105,1654880,282,43495
367,2021-01-04,CO,Colombia,AMRO,11528,1666408,270,43765
368,2021-01-05,CO,Colombia,AMRO,9412,1675820,200,43965
369,2021-01-06,CO,Colombia,AMRO,10311,1686131,222,44187
370,2021-01-07,CO,Colombia,AMRO,16835,1702966,241,44428
371,2021-01-08,CO,Colombia,AMRO,16805,1719771,295,44723
372,2021-01-09,CO,Colombia,AMRO,17576,1737347,344,45067
373,2021-01-10,CO,Colombia,AMRO,18221,1755568,364,45431
374,2021-01-11,CO,Colombia,AMRO,15795,1771363,353,45784
375,2021-01-12,CO,Colombia,AMRO,15537,1786900,330,46114
376,2021-01-13,CO,Colombia,AMRO,15003,1801903,337,46451
377,2021-01-14,CO,Colombia,AMRO,14179,1816082,331,46782
378,2021-01-15,CO,Colombia,AMRO,15898,1831980,342,47124
379,2021-01-16,CO,Colombia,AMRO,17121,1849101,367,47491
380,2021-01-17,CO,Colombia,AMRO,21078,1870179,377,47868
381,2021-01-18,CO,Colombia,AMRO,20855,1891034,388,48256
382,2021-01-19,CO,Colombia,AMRO,17379,1908413,375,48631
383,2021-01-20,CO,Colombia,AMRO,14719,1923132,373,49004
384,2021-01-21,CO,Colombia,AMRO,15939,1939071,398,49402
385,2021-01-22,CO,Colombia,AMRO,17908,1956979,390,49792
386,2021-01-23,CO,Colombia,AMRO,15366,1972345,395,50187
387,2021-01-24,CO,Colombia,AMRO,15073,1987418,399,50586
388,2021-01-25,CO,Colombia,AMRO,15551,2002969,396,50982
389,2021-01-26,CO,Colombia,AMRO,12516,2015485,392,51374
390,2021-01-27,CO,Colombia,AMRO,12261,2027746,373,51747
391,2021-01-28,CO,Colombia,AMRO,13606,2041352,381,52128
392,2021-01-29,CO,Colombia,AMRO,13953,2055305,395,52523
393,2021-01-30,CO,Colombia,AMRO,12270,2067575,390,52913
394,2021-01-31,CO,Colombia,AMRO,10058,2077633,371,53284
395,2021-02-01,CO,Colombia,AMRO,9173,2086806,366,53650
396,2021-02-02,CO,Colombia,AMRO,8078,2094884,333,53983
397,2021-02-03,CO,Colombia,AMRO,9622,2104506,289,54272
398,2021-02-04,CO,Colombia,AMRO,10091,2114597,304,54576
399,2021-02-05,CO,Colombia,AMRO,11025,2125622,301,54877
400,2021-02-06,CO,Colombia,AMRO,9790,2135412,254,55131
401,2021-02-07,CO,Colombia,AMRO,7248,2142660,272,55403
402,2021-02-08,CO,Colombia,AMRO,8547,2151207,290,55693
403,2021-02-09,CO,Colombia,AMRO,6009,2157216,300,55993
404,2021-02-10,CO,Colombia,AMRO,4246,2161462,297,56290
405,2021-02-11,CO,Colombia,AMRO,5442,2166904,217,56507
406,2021-02-12,CO,Colombia,AMRO,6443,2173347,226,56733
407,2021-02-13,CO,Colombia,AMRO,6294,2179641,250,56983
408,2021-02-14,CO,Colombia,AMRO,5528,2185169,213,57196
409,2021-02-15,CO,Colombia,AMRO,4947,2190116,229,57425
410,2021-02-16,CO,Colombia,AMRO,4923,2195039,180,57605
411,2021-02-17,CO,Colombia,AMRO,3510,2198549,181,57786
412,2021-02-18,CO,Colombia,AMRO,4049,2202598,163,57949
413,2021-02-19,CO,Colombia,AMRO,5103,2207701,185,58134
414,2021-02-20,CO,Colombia,AMRO,4824,2212525,200,58334
415,2021-02-21,CO,Colombia,AMRO,4476,2217001,177,58511
416,2021-02-22,CO,Colombia,AMRO,5017,2222018,174,58685
417,2021-02-23,CO,Colombia,AMRO,4244,2226262,149,58834
418,2021-02-24,CO,Colombia,AMRO,3401,2229663,140,58974
419,2021-02-25,CO,Colombia,AMRO,3926,2233589,144,59118
420,2021-02-26,CO,Colombia,AMRO,3953,2237542,142,59260
421,2021-02-27,CO,Colombia,AMRO,3683,2241225,136,59396
422,2021-02-28,CO,Colombia,AMRO,3567,2244792,122,59518
423,2021-03-01,CO,Colombia,AMRO,3343,2248135,142,59660
424,2021-03-02,CO,Colombia,AMRO,3555,2251690,106,59766
425,2021-03-03,CO,Colombia,AMRO,3570,2255260,100,59866
426,2021-03-04,CO,Colombia,AMRO,4339,2259599,106,59972
427,2021-03-05,CO,Colombia,AMRO,3047,2262646,110,60082
428,2021-03-06,CO,Colombia,AMRO,3565,2266211,107,60189
429,2021-03-07,CO,Colombia,AMRO,3371,2269582,111,60300
430,2021-03-08,CO,Colombia,AMRO,3663,2273245,112,60412
431,2021-03-09,CO,Colombia,AMRO,3411,2276656,91,60503
432,2021-03-10,CO,Colombia,AMRO,2205,2278861,95,60598
433,2021-03-11,CO,Colombia,AMRO,3511,2282372,78,60676
434,2021-03-12,CO,Colombia,AMRO,3588,2285960,97,60773
435,2021-03-13,CO,Colombia,AMRO,4579,2290539,85,60858
436,2021-03-14,CO,Colombia,AMRO,4078,2294617,92,60950
437,2021-03-15,CO,Colombia,AMRO,4465,2299082,96,61046
438,2021-03-16,CO,Colombia,AMRO,4062,2303144,97,61143
439,2021-03-17,CO,Colombia,AMRO,2740,2305884,100,61243
440,2021-03-18,CO,Colombia,AMRO,3716,2309600,125,61368
441,2021-03-19,CO,Colombia,AMRO,4554,2314154,130,61498
442,2021-03-20,CO,Colombia,AMRO,5139,2319293,138,61636
443,2021-03-21,CO,Colombia,AMRO,5133,2324426,135,61771
444,2021-03-22,CO,Colombia,AMRO,6761,2331187,136,61907
445,2021-03-23,CO,Colombia,AMRO,5963,2337150,121,62028
446,2021-03-24,CO,Colombia,AMRO,5128,2342278,120,62148
447,2021-03-25,CO,Colombia,AMRO,4946,2347224,126,62274
448,2021-03-26,CO,Colombia,AMRO,5986,2353210,120,62394
449,2021-03-27,CO,Colombia,AMRO,6732,2359942,125,62519
450,2021-03-28,CO,Colombia,AMRO,7395,2367337,126,62645
451,2021-03-29,CO,Colombia,AMRO,8254,2375591,145,62790
452,2021-03-30,CO,Colombia,AMRO,7139,2382730,165,62955
453,2021-03-31,CO,Colombia,AMRO,7049,2389779,124,63079
454,2021-04-01,CO,Colombia,AMRO,7952,2397731,176,63255
455,2021-04-02,CO,Colombia,AMRO,8646,2406377,167,63422
456,2021-04-03,CO,Colombia,AMRO,11449,2417826,192,63614
457,2021-04-04,CO,Colombia,AMRO,10222,2428048,163,63777
458,2021-04-05,CO,Colombia,AMRO,9149,2437197,155,63932
459,2021-04-06,CO,Colombia,AMRO,9022,2446219,162,64094
460,2021-04-07,CO,Colombia,AMRO,10190,2456409,199,64293
461,2021-04-08,CO,Colombia,AMRO,11827,2468236,231,64524
462,2021-04-09,CO,Colombia,AMRO,11381,2479617,243,64767
463,2021-04-10,CO,Colombia,AMRO,12464,2492081,247,65014
464,2021-04-11,CO,Colombia,AMRO,12125,2504206,269,65283
465,2021-04-12,CO,Colombia,AMRO,14509,2518715,325,65608
466,2021-04-13,CO,Colombia,AMRO,17483,2536198,281,65889
467,2021-04-14,CO,Colombia,AMRO,16739,2552937,267,66156
468,2021-04-15,CO,Colombia,AMRO,16377,2569314,326,66482
469,2021-04-16,CO,Colombia,AMRO,16487,2585801,337,66819
470,2021-04-17,CO,Colombia,AMRO,16918,2602719,380,67199
471,2021-04-18,CO,Colombia,AMRO,16703,2619422,365,67564
472,2021-04-19,CO,Colombia,AMRO,16654,2636076,367,67931
473,2021-04-20,CO,Colombia,AMRO,16871,2652947,397,68328
474,2021-04-21,CO,Colombia,AMRO,14189,2667136,420,68748
475,2021-04-22,CO,Colombia,AMRO,16965,2684101,429,69177
476,2021-04-23,CO,Colombia,AMRO,17212,2701313,419,69596
477,2021-04-24,CO,Colombia,AMRO,19306,2720619,430,70026
478,2021-04-25,CO,Colombia,AMRO,19925,2740544,420,70446
479,2021-04-26,CO,Colombia,AMRO,16730,2757274,440,70886
480,2021-04-27,CO,Colombia,AMRO,17190,2774464,465,71351
481,2021-04-28,CO,Colombia,AMRO,12839,2787303,448,71799
482,2021-04-29,CO,Colombia,AMRO,17578,2804881,436,72235
483,2021-04-30,CO,Colombia,AMRO,19745,2824626,490,72725
484,2021-05-01,CO,Colombia,AMRO,17308,2841934,505,73230
485,2021-05-02,CO,Colombia,AMRO,17790,2859724,490,73720
486,2021-05-03,CO,Colombia,AMRO,18022,2877746,495,74215
487,2021-05-04,CO,Colombia,AMRO,15909,2893655,485,74700
488,2021-05-05,CO,Colombia,AMRO,11599,2905254,464,75164
489,2021-05-06,CO,Colombia,AMRO,14551,2919805,463,75627
490,2021-05-07,CO,Colombia,AMRO,14806,2934611,388,76015
491,2021-05-08,CO,Colombia,AMRO,16490,2951101,399,76414
492,2021-05-09,CO,Colombia,AMRO,17525,2968626,453,76867
493,2021-05-10,CO,Colombia,AMRO,16910,2985536,492,77359
494,2021-05-11,CO,Colombia,AMRO,17222,3002758,495,77854
495,2021-05-12,CO,Colombia,AMRO,12543,3015301,488,78342
496,2021-05-13,CO,Colombia,AMRO,16425,3031726,429,78771
497,2021-05-14,CO,Colombia,AMRO,16993,3048719,490,79261
498,2021-05-15,CO,Colombia,AMRO,19160,3067879,499,79760
499,2021-05-16,CO,Colombia,AMRO,16581,3084460,490,80250
500,2021-05-17,CO,Colombia,AMRO,18873,3103333,530,80780
501,2021-05-18,CO,Colombia,AMRO,15093,3118426,520,81300
502,2021-05-19,CO,Colombia,AMRO,12984,3131410,509,81809
503,2021-05-20,CO,Colombia,AMRO,13137,3144547,482,82291
504,2021-05-21,CO,Colombia,AMRO,16579,3161126,452,82743
505,2021-05-22,CO,Colombia,AMRO,16086,3177212,490,83233
506,2021-05-23,CO,Colombia,AMRO,14838,3192050,486,83719
507,2021-05-24,CO,Colombia,AMRO,18737,3210787,509,84228
508,2021-05-25,CO,Colombia,AMRO,21669,3232456,496,84724
509,2021-05-26,CO,Colombia,AMRO,16977,3249433,483,85207
510,2021-05-27,CO,Colombia,AMRO,21181,3270614,459,85666
511,2021-05-28,CO,Colombia,AMRO,23487,3294101,514,86180
512,2021-05-29,CO,Colombia,AMRO,25092,3319193,513,86693
513,2021-05-30,CO,Colombia,AMRO,23374,3342567,514,87207
514,2021-05-31,CO,Colombia,AMRO,20494,3363061,540,87747
515,2021-06-01,CO,Colombia,AMRO,20218,3383279,535,88282
516,2021-06-02,CO,Colombia,AMRO,23177,3406456,492,88774
517,2021-06-03,CO,Colombia,AMRO,25966,3432422,523,89297
518,2021-06-04,CO,Colombia,AMRO,27000,3459422,511,89808
519,2021-06-05,CO,Colombia,AMRO,28624,3488046,545,90353
520,2021-06-06,CO,Colombia,AMRO,30000,3518046,537,90890
521,2021-06-07,CO,Colombia,AMRO,28971,3547017,532,91422
522,2021-06-08,CO,Colombia,AMRO,24050,3571067,539,91961
523,2021-06-09,CO,Colombia,AMRO,21949,3593016,535,92496
524,2021-06-10,CO,Colombia,AMRO,18586,3611602,427,92923
525,2021-06-11,CO,Colombia,AMRO,24233,3635835,550,93473
526,2021-06-12,CO,Colombia,AMRO,29302,3665137,573,94046
527,2021-06-13,CO,Colombia,AMRO,29570,3694707,569,94615
528,2021-06-14,CO,Colombia,AMRO,29998,3724705,577,95192
529,2021-06-15,CO,Colombia,AMRO,28519,3753224,586,95778
530,2021-06-16,CO,Colombia,AMRO,24376,3777600,588,96366
531,2021-06-17,CO,Colombia,AMRO,24452,3802052,599,96965
532,2021-06-18,CO,Colombia,AMRO,27827,3829879,595,97560
533,2021-06-19,CO,Colombia,AMRO,29945,3859824,596,98156
534,2021-06-20,CO,Colombia,AMRO,28790,3888614,590,98746
535,2021-06-21,CO,Colombia,AMRO,28734,3917348,589,99335
536,2021-06-22,CO,Colombia,AMRO,27818,3945166,599,99934
537,2021-06-23,CO,Colombia,AMRO,23239,3968405,648,100582
538,2021-06-24,CO,Colombia,AMRO,28616,3997021,720,101302
539,2021-06-25,CO,Colombia,AMRO,29995,4027016,645,101947
540,2021-06-26,CO,Colombia,AMRO,32997,4060013,689,102636
541,2021-06-27,CO,Colombia,AMRO,32733,4092746,685,103321
542,2021-06-28,CO,Colombia,AMRO,33594,4126340,693,104014
543,2021-06-29,CO,Colombia,AMRO,32376,4158716,664,104678
544,2021-06-30,CO,Colombia,AMRO,28478,4187194,648,105326
545,2021-07-01,CO,Colombia,AMRO,25880,4213074,608,105934
546,2021-07-02,CO,Colombia,AMRO,27908,4240982,610,106544
547,2021-07-03,CO,Colombia,AMRO,28315,4269297,593,107137
548,2021-07-04,CO,Colombia,AMRO,28005,4297302,586,107723
549,2021-07-05,CO,Colombia,AMRO,26928,4324230,591,108314
550,2021-07-06,CO,Colombia,AMRO,26265,4350495,582,108896
551,2021-07-07,CO,Colombia,AMRO,25366,4375861,570,109466
552,2021-07-08,CO,Colombia,AMRO,26721,4402582,553,110019
553,2021-07-09,CO,Colombia,AMRO,24229,4426811,559,110578
554,2021-07-10,CO,Colombia,AMRO,23275,4450086,577,111155
555,2021-07-11,CO,Colombia,AMRO,21536,4471622,576,111731
556,2021-07-12,CO,Colombia,AMRO,20915,4492537,567,112298
557,2021-07-13,CO,Colombia,AMRO,19423,4511960,528,112826
558,2021-07-14,CO,Colombia,AMRO,18650,4530610,509,113335
559,2021-07-15,CO,Colombia,AMRO,17532,4548142,504,113839
560,2021-07-16,CO,Colombia,AMRO,17230,4565372,498,114337
561,2021-07-17,CO,Colombia,AMRO,18070,4583442,496,114833
562,2021-07-18,CO,Colombia,AMRO,17893,4601335,500,115333
563,2021-07-19,CO,Colombia,AMRO,19925,4621260,498,115831
564,2021-07-20,CO,Colombia,AMRO,18206,4639466,476,116307
565,2021-07-21,CO,Colombia,AMRO,16455,4655921,446,116753
566,2021-07-22,CO,Colombia,AMRO,12829,4668750,378,117131
567,2021-07-23,CO,Colombia,AMRO,11244,4679994,351,117482
568,2021-07-24,CO,Colombia,AMRO,12576,4692570,354,117836
569,2021-07-25,CO,Colombia,AMRO,13164,4705734,352,118188
570,2021-07-26,CO,Colombia,AMRO,11064,4716798,350,118538
571,2021-07-27,CO,Colombia,AMRO,11048,4727846,330,118868
572,2021-07-28,CO,Colombia,AMRO,8503,4736349,314,119182
573,2021-07-29,CO,Colombia,AMRO,11426,4747775,300,119482
574,2021-07-30,CO,Colombia,AMRO,9364,4757139,319,119801
575,2021-07-31,CO,Colombia,AMRO,9690,4766829,325,120126
576,2021-08-01,CO,Colombia,AMRO,9462,4776291,306,120432
577,2021-08-02,CO,Colombia,AMRO,9029,4785320,291,120723
578,2021-08-03,CO,Colombia,AMRO,9094,4794414,275,120998
579,2021-08-04,CO,Colombia,AMRO,6636,4801050,218,121216
580,2021-08-05,CO,Colombia,AMRO,6929,4807979,268,121484
581,2021-08-06,CO,Colombia,AMRO,7084,4815063,211,121695
582,2021-08-07,CO,Colombia,AMRO,6540,4821603,204,121899
583,2021-08-08,CO,Colombia,AMRO,6980,4828583,188,122087
584,2021-08-09,CO,Colombia,AMRO,6051,4834634,190,122277
585,2021-08-10,CO,Colombia,AMRO,4350,4838984,181,122458
586,2021-08-11,CO,Colombia,AMRO,4023,4843007,143,122601
587,2021-08-12,CO,Colombia,AMRO,3948,4846955,167,122768
588,2021-08-13,CO,Colombia,AMRO,5368,4852323,185,122953
589,2021-08-14,CO,Colombia,AMRO,4272,4856595,144,123097
590,2021-08-15,CO,Colombia,AMRO,4027,4860622,124,123221
591,2021-08-16,CO,Colombia,AMRO,4007,4864629,135,123356
592,2021-08-17,CO,Colombia,AMRO,3132,4867761,103,123459
593,2021-08-18,CO,Colombia,AMRO,3161,4870922,121,123580
594,2021-08-19,CO,Colombia,AMRO,3247,4874169,108,123688
595,2021-08-20,CO,Colombia,AMRO,3154,4877323,93,123781
596,2021-08-21,CO,Colombia,AMRO,3193,4880516,120,123901
597,2021-08-22,CO,Colombia,AMRO,3416,4883932,122,124023
598,2021-08-23,CO,Colombia,AMRO,2965,4886897,98,124121
599,2021-08-24,CO,Colombia,AMRO,2640,4889537,95,124216
600,2021-08-25,CO,Colombia,AMRO,2698,4892235,99,124315
601,2021-08-26,CO,Colombia,AMRO,2467,4894702,73,124388
602,2021-08-27,CO,Colombia,AMRO,2448,4897150,86,124474
603,2021-08-28,CO,Colombia,AMRO,1935,4899085,93,124567
604,2021-08-29,CO,Colombia,AMRO,2078,4901163,81,124648
605,2021-08-30,CO,Colombia,AMRO,2141,4903304,95,124743
606,2021-08-31,CO,Colombia,AMRO,1954,4905258,68,124811
607,2021-09-01,CO,Colombia,AMRO,2006,4907264,72,124883
608,2021-09-02,CO,Colombia,AMRO,1822,4909086,62,124945
609,2021-09-03,CO,Colombia,AMRO,1996,4911082,71,125016
610,2021-09-04,CO,Colombia,AMRO,1949,4913031,81,125097
611,2021-09-05,CO,Colombia,AMRO,1850,4914881,61,125158
612,2021-09-06,CO,Colombia,AMRO,2099,4916980,72,125230
613,2021-09-07,CO,Colombia,AMRO,1669,4918649,48,125278
614,2021-09-08,CO,Colombia,AMRO,1124,4919773,53,125331
615,2021-09-09,CO,Colombia,AMRO,1637,4921410,47,125378
616,2021-09-10,CO,Colombia,AMRO,1787,4923197,49,125427
617,2021-09-11,CO,Colombia,AMRO,1803,4925000,53,125480
618,2021-09-12,CO,Colombia,AMRO,1772,4926772,49,125529
619,2021-09-13,CO,Colombia,AMRO,1806,4928578,63,125592
620,2021-09-14,CO,Colombia,AMRO,1671,4930249,55,125647
621,2021-09-15,CO,Colombia,AMRO,1314,4931563,40,125687
622,2021-09-16,CO,Colombia,AMRO,1435,4932998,26,125713
623,2021-09-17,CO,Colombia,AMRO,1570,4934568,40,125753
624,2021-09-18,CO,Colombia,AMRO,1484,4936052,29,125782
625,2021-09-19,CO,Colombia,AMRO,1544,4937596,44,125826
626,2021-09-20,CO,Colombia,AMRO,1655,4939251,34,125860
627,2021-09-21,CO,Colombia,AMRO,1813,4941064,35,125895
628,2021-09-22,CO,Colombia,AMRO,1185,4942249,29,125924
629,2021-09-23,CO,Colombia,AMRO,1373,4943622,38,125962
630,2021-09-24,CO,Colombia,AMRO,1581,4945203,44,126006
631,2021-09-25,CO,Colombia,AMRO,1608,4946811,26,126032
632,2021-09-26,CO,Colombia,AMRO,1702,4948513,36,126068
633,2021-09-27,CO,Colombia,AMRO,1740,4950253,34,126102
634,2021-09-28,CO,Colombia,AMRO,1422,4951675,43,126145
635,2021-09-29,CO,Colombia,AMRO,1015,4952690,33,126178
636,2021-09-30,CO,Colombia,AMRO,1686,4954376,41,126219
637,2021-10-01,CO,Colombia,AMRO,1472,4955848,42,126261
638,2021-10-02,CO,Colombia,AMRO,1429,4957277,38,126299
639,2021-10-03,CO,Colombia,AMRO,1867,4959144,37,126336
640,2021-10-04,CO,Colombia,AMRO,1497,4960641,36,126372
641,2021-10-05,CO,Colombia,AMRO,1413,4962054,29,126401
642,2021-10-06,CO,Colombia,AMRO,1189,4963243,24,126425
643,2021-10-07,CO,Colombia,AMRO,1211,4964454,30,126455
644,2021-10-08,CO,Colombia,AMRO,1393,4965847,32,126487
645,2021-10-09,CO,Colombia,AMRO,1677,4967524,30,126517
646,2021-10-10,CO,Colombia,AMRO,1607,4969131,35,126552
647,2021-10-11,CO,Colombia,AMRO,1587,4970718,33,126585
648,2021-10-12,CO,Colombia,AMRO,1518,4972236,38,126623
649,2021-10-13,CO,Colombia,AMRO,1089,4973325,32,126655
650,2021-10-14,CO,Colombia,AMRO,1075,4974400,37,126692
651,2021-10-15,CO,Colombia,AMRO,1256,4975656,34,126726
652,2021-10-16,CO,Colombia,AMRO,1387,4977043,33,126759
653,2021-10-17,CO,Colombia,AMRO,1646,4978689,37,126796
654,2021-10-18,CO,Colombia,AMRO,1544,4980233,34,126830
655,2021-10-19,CO,Colombia,AMRO,1299,4981532,35,126865
656,2021-10-20,CO,Colombia,AMRO,1043,4982575,21,126886
657,2021-10-21,CO,Colombia,AMRO,952,4983527,24,126910
658,2021-10-22,CO,Colombia,AMRO,1224,4984751,21,126931
659,2021-10-23,CO,Colombia,AMRO,1498,4986249,28,126959
660,2021-10-24,CO,Colombia,AMRO,1772,4988021,35,126994
661,2021-10-25,CO,Colombia,AMRO,1660,4989681,38,127032
662,2021-10-26,CO,Colombia,AMRO,1369,4991050,35,127067
663,2021-10-27,CO,Colombia,AMRO,1536,4992586,32,127099
664,2021-10-28,CO,Colombia,AMRO,1428,4994014,34,127133
665,2021-10-29,CO,Colombia,AMRO,1680,4995694,26,127159
666,2021-10-30,CO,Colombia,AMRO,1750,4997444,36,127195
667,2021-10-31,CO,Colombia,AMRO,1604,4999048,30,127225
668,2021-11-01,CO,Colombia,AMRO,1629,5000677,33,127258
669,2021-11-02,CO,Colombia,AMRO,1710,5002387,23,127281
670,2021-11-03,CO,Colombia,AMRO,1590,5003977,30,127311
671,2021-11-04,CO,Colombia,AMRO,1425,5005402,37,127348
672,2021-11-05,CO,Colombia,AMRO,1697,5007099,32,127380
673,2021-11-06,CO,Colombia,AMRO,1908,5009007,37,127417
674,2021-11-07,CO,Colombia,AMRO,1975,5010982,39,127456
675,2021-11-08,CO,Colombia,AMRO,1999,5012981,32,127488
676,2021-11-09,CO,Colombia,AMRO,2061,5015042,45,127533
677,2021-11-10,CO,Colombia,AMRO,1917,5016959,38,127571
678,2021-11-11,CO,Colombia,AMRO,2199,5019158,39,127610
679,2021-11-12,CO,Colombia,AMRO,2461,5021619,30,127640
680,2021-11-13,CO,Colombia,AMRO,2644,5024263,40,127680
681,2021-11-14,CO,Colombia,AMRO,2559,5026822,41,127721
682,2021-11-15,CO,Colombia,AMRO,2513,5029335,45,127766
683,2021-11-16,CO,Colombia,AMRO,2610,5031945,43,127809
684,2021-11-17,CO,Colombia,AMRO,2321,5034266,24,127833
685,2021-11-18,CO,Colombia,AMRO,2021,5036287,32,127865
686,2021-11-19,CO,Colombia,AMRO,2257,5038544,47,127912
687,2021-11-20,CO,Colombia,AMRO,2121,5040665,51,127963
688,2021-11-21,CO,Colombia,AMRO,2157,5042822,50,128013
689,2021-11-22,CO,Colombia,AMRO,2590,5045412,41,128054
690,2021-11-23,CO,Colombia,AMRO,2649,5048061,39,128093
691,2021-11-24,CO,Colombia,AMRO,2194,5050255,45,128138
692,2021-11-25,CO,Colombia,AMRO,2478,5052733,50,128188
693,2021-11-26,CO,Colombia,AMRO,2520,5055253,48,128236
694,2021-11-27,CO,Colombia,AMRO,2644,5057897,54,128290
695,2021-11-28,CO,Colombia,AMRO,2660,5060557,53,128343
696,2021-11-29,CO,Colombia,AMRO,2620,5063177,51,128394
697,2021-11-30,CO,Colombia,AMRO,2196,5065373,43,128437
698,2021-12-01,CO,Colombia,AMRO,1975,5067348,36,128473
699,2021-12-02,CO,Colombia,AMRO,2296,5069644,55,128528
700,2021-12-03,CO,Colombia,AMRO,2173,5071817,58,128586
701,2021-12-04,CO,Colombia,AMRO,2262,5074079,57,128643
702,2021-12-05,CO,Colombia,AMRO,2299,5076378,42,128685
703,2021-12-06,CO,Colombia,AMRO,2609,5078987,48,128733
704,2021-12-07,CO,Colombia,AMRO,2077,5081064,47,128780
705,2021-12-08,CO,Colombia,AMRO,1698,5082762,41,128821
706,2021-12-09,CO,Colombia,AMRO,1704,5084466,53,128874
707,2021-12-10,CO,Colombia,AMRO,1915,5086381,55,128929
708,2021-12-11,CO,Colombia,AMRO,1627,5088008,40,128969
709,2021-12-12,CO,Colombia,AMRO,1687,5089695,42,129011
710,2021-12-13,CO,Colombia,AMRO,1813,5091508,45,129056
711,2021-12-14,CO,Colombia,AMRO,2026,5093534,51,129107
712,2021-12-15,CO,Colombia,AMRO,2287,5095821,56,129163
713,2021-12-16,CO,Colombia,AMRO,1859,5097680,42,129205
714,2021-12-17,CO,Colombia,AMRO,2066,5099746,51,129256
715,2021-12-18,CO,Colombia,AMRO,1720,5101466,39,129295
716,2021-12-19,CO,Colombia,AMRO,1803,5103269,50,129345
717,2021-12-20,CO,Colombia,AMRO,2016,5105285,54,129399
718,2021-12-21,CO,Colombia,AMRO,2038,5107323,59,129458
719,2021-12-22,CO,Colombia,AMRO,1699,5109022,29,129487
720,2021-12-23,CO,Colombia,AMRO,1766,5110788,47,129534
721,2021-12-24,CO,Colombia,AMRO,1931,5112719,52,129586
722,2021-12-25,CO,Colombia,AMRO,2475,5115194,54,129640
723,2021-12-26,CO,Colombia,AMRO,3060,5118254,46,129686
724,2021-12-27,CO,Colombia,AMRO,3414,5121668,43,129729
725,2021-12-28,CO,Colombia,AMRO,3022,5124690,32,129761
726,2021-12-29,CO,Colombia,AMRO,3281,5127971,37,129798
727,2021-12-30,CO,Colombia,AMRO,4306,5132277,35,129833
728,2021-12-31,CO,Colombia,AMRO,6326,5138603,33,129866
729,2022-01-01,CO,Colombia,AMRO,8436,5147039,35,129901
730,2022-01-02,CO,Colombia,AMRO,10401,5157440,41,129942
731,2022-01-03,CO,Colombia,AMRO,12415,5169855,44,129986
732,2022-01-04,CO,Colombia,AMRO,11318,5181173,40,130026
733,2022-01-05,CO,Colombia,AMRO,9848,5191021,35,130061
734,2022-01-06,CO,Colombia,AMRO,12353,5203374,39,130100
735,2022-01-07,CO,Colombia,AMRO,16259,5219633,40,130140
736,2022-01-08,CO,Colombia,AMRO,23039,5242672,51,130191
737,2022-01-09,CO,Colombia,AMRO,26190,5268862,59,130250
738,2022-01-10,CO,Colombia,AMRO,31170,5300032,38,130288
739,2022-01-11,CO,Colombia,AMRO,30630,5330662,50,130338
740,2022-01-12,CO,Colombia,AMRO,27105,5357767,57,130395
741,2022-01-13,CO,Colombia,AMRO,23074,5380841,65,130460
742,2022-01-14,CO,Colombia,AMRO,29857,5410698,69,130529
743,2022-01-15,CO,Colombia,AMRO,30283,5440981,96,130625
744,2022-01-16,CO,Colombia,AMRO,34923,5475904,106,130731
745,2022-01-17,CO,Colombia,AMRO,35575,5511479,129,130860
746,2022-01-18,CO,Colombia,AMRO,32317,5543796,136,130996
747,2022-01-19,CO,Colombia,AMRO,24272,5568068,134,131130
748,2022-01-20,CO,Colombia,AMRO,28849,5596917,138,131268
749,2022-01-21,CO,Colombia,AMRO,27603,5624520,169,131437
750,2022-01-22,CO,Colombia,AMRO,30506,5655026,190,131627
751,2022-01-23,CO,Colombia,AMRO,31039,5686065,197,131824
752,2022-01-24,CO,Colombia,AMRO,28027,5714092,199,132023
753,2022-01-25,CO,Colombia,AMRO,26087,5740179,217,132240
754,2022-01-26,CO,Colombia,AMRO,21219,5761398,237,132477
755,2022-01-27,CO,Colombia,AMRO,19512,5780910,260,132737
756,2022-01-28,CO,Colombia,AMRO,17889,5798799,282,133019
757,2022-01-29,CO,Colombia,AMRO,17663,5816462,273,133292
758,2022-01-30,CO,Colombia,AMRO,20946,5837408,268,133560
759,2022-01-31,CO,Colombia,AMRO,18450,5855858,272,133832
760,2022-02-01,CO,Colombia,AMRO,16119,5871977,247,134079
761,2022-02-02,CO,Colombia,AMRO,15284,5887261,221,134300
762,2022-02-03,CO,Colombia,AMRO,14454,5901715,251,134551
763,2022-02-04,CO,Colombia,AMRO,15110,5916825,230,134781
764,2022-02-05,CO,Colombia,AMRO,13568,5930393,262,135043
765,2022-02-06,CO,Colombia,AMRO,13390,5943783,239,135282
766,2022-02-07,CO,Colombia,AMRO,12567,5956350,236,135518
767,2022-02-08,CO,Colombia,AMRO,10356,5966706,239,135757
768,2022-02-09,CO,Colombia,AMRO,9080,5975786,235,135992
769,2022-02-10,CO,Colombia,AMRO,9730,5985516,205,136197
770,2022-02-11,CO,Colombia,AMRO,8785,5994301,207,136404
771,2022-02-12,CO,Colombia,AMRO,8269,6002570,179,136583
772,2022-02-13,CO,Colombia,AMRO,5421,6007991,181,136764
773,2022-02-14,CO,Colombia,AMRO,6572,6014563,189,136953
774,2022-02-15,CO,Colombia,AMRO,5532,6020095,162,137115
775,2022-02-16,CO,Colombia,AMRO,3162,6023257,186,137301
776,2022-02-17,CO,Colombia,AMRO,3731,6026988,138,137439
777,2022-02-18,CO,Colombia,AMRO,4142,6031130,147,137586
778,2022-02-19,CO,Colombia,AMRO,4013,6035143,147,137733
779,2022-02-20,CO,Colombia,AMRO,4020,6039163,136,137869
780,2022-02-21,CO,Colombia,AMRO,4498,6043661,127,137996
781,2022-02-22,CO,Colombia,AMRO,3381,6047042,110,138106
782,2022-02-23,CO,Colombia,AMRO,2910,6049952,99,138205
783,2022-02-24,CO,Colombia,AMRO,2174,6052126,80,138285
784,2022-02-25,CO,Colombia,AMRO,2181,6054307,79,138364
785,2022-02-26,CO,Colombia,AMRO,2249,6056556,57,138421
786,2022-02-27,CO,Colombia,AMRO,2159,6058715,80,138501
787,2022-02-28,CO,Colombia,AMRO,2078,6060793,97,138598
788,2022-03-01,CO,Colombia,AMRO,1908,6062701,95,138693
789,2022-03-02,CO,Colombia,AMRO,1882,6064583,74,138767
790,2022-03-03,CO,Colombia,AMRO,1218,6065801,87,138854
791,2022-03-04,CO,Colombia,AMRO,1222,6067023,45,138899
792,2022-03-05,CO,Colombia,AMRO,1051,6068074,40,138939
793,2022-03-06,CO,Colombia,AMRO,1351,6069425,45,138984
794,2022-03-07,CO,Colombia,AMRO,1191,6070616,53,139037
795,2022-03-08,CO,Colombia,AMRO,1088,6071704,54,139091
796,2022-03-09,CO,Colombia,AMRO,952,6072656,29,139120
797,2022-03-10,CO,Colombia,AMRO,760,6073416,34,139154
798,2022-03-11,CO,Colombia,AMRO,739,6074155,35,139189
799,2022-03-12,CO,Colombia,AMRO,719,6074874,31,139220
800,2022-03-13,CO,Colombia,AMRO,782,6075656,35,139255
801,2022-03-14,CO,Colombia,AMRO,677,6076333,28,139283
802,2022-03-15,CO,Colombia,AMRO,486,6076819,14,139297
803,2022-03-16,CO,Colombia,AMRO,469,6077288,18,139315
804,2022-03-17,CO,Colombia,AMRO,573,6077861,20,139335
805,2022-03-18,CO,Colombia,AMRO,626,6078487,26,139361
806,2022-03-19,CO,Colombia,AMRO,744,6079231,25,139386
807,2022-03-20,CO,Colombia,AMRO,665,6079896,29,139415
808,2022-03-21,CO,Colombia,AMRO,693,6080589,19,139434
809,2022-03-22,CO,Colombia,AMRO,542,6081131,18,139452
810,2022-03-23,CO,Colombia,AMRO,508,6081639,19,139471
811,2022-03-24,CO,Colombia,AMRO,294,6081933,14,139485
812,2022-03-25,CO,Colombia,AMRO,293,6082226,23,139508
813,2022-03-26,CO,Colombia,AMRO,351,6082577,23,139531
814,2022-03-27,CO,Colombia,AMRO,366,6082943,13,139544
815,2022-03-28,CO,Colombia,AMRO,348,6083291,14,139558
816,2022-03-29,CO,Colombia,AMRO,352,6083643,15,139573
817,2022-03-30,CO,Colombia,AMRO,296,6083939,12,139585
818,2022-03-31,CO,Colombia,AMRO,301,6084240,10,139595
819,2022-04-01,CO,Colombia,AMRO,311,6084551,12,139607
820,2022-04-02,CO,Colombia,AMRO,365,6084916,14,139621
821,2022-04-03,CO,Colombia,AMRO,354,6085270,15,139636
822,2022-04-04,CO,Colombia,AMRO,348,6085618,14,139650
823,2022-04-05,CO,Colombia,AMRO,308,6085926,10,139660
824,2022-04-06,CO,Colombia,AMRO,307,6086233,10,139670
825,2022-04-07,CO,Colombia,AMRO,251,6086484,8,139678
826,2022-04-08,CO,Colombia,AMRO,327,6086811,9,139687
827,2022-04-09,CO,Colombia,AMRO,312,6087123,6,139693
828,2022-04-10,CO,Colombia,AMRO,320,6087443,10,139703
829,2022-04-11,CO,Colombia,AMRO,294,6087737,10,139713
830,2022-04-12,CO,Colombia,AMRO,297,6088034,6,139719
831,2022-04-13,CO,Colombia,AMRO,301,6088335,6,139725
832,2022-04-14,CO,Colombia,AMRO,284,6088619,4,139729
833,2022-04-15,CO,Colombia,AMRO,293,6088912,5,139734
834,2022-04-16,CO,Colombia,AMRO,264,6089176,4,139738
835,2022-04-17,CO,Colombia,AMRO,205,6089381,3,139741
836,2022-04-18,CO,Colombia,AMRO,159,6089540,4,139745
837,2022-04-19,CO,Colombia,AMRO,122,6089662,4,139749
838,2022-04-20,CO,Colombia,AMRO,129,6089791,2,139751
839,2022-04-21,CO,Colombia,AMRO,207,6089998,3,139754
840,2022-04-22,CO,Colombia,AMRO,248,6090246,1,139755
841,2022-04-23,CO,Colombia,AMRO,274,6090520,4,139759
842,2022-04-24,CO,Colombia,AMRO,283,6090803,6,139765
843,2022-04-25,CO,Colombia,AMRO,291,6091094,6,139771
844,2022-04-26,CO,Colombia,AMRO,249,6091343,7,139778
845,2022-04-27,CO,Colombia,AMRO,208,6091551,2,139780
846,2022-04-28,CO,Colombia,AMRO,202,6091753,3,139783
847,2022-04-29,CO,Colombia,AMRO,206,6091959,2,139785
848,2022-04-30,CO,Colombia,AMRO,208,6092167,4,139789
849,2022-05-01,CO,Colombia,AMRO,236,6092403,4,139793
850,2022-05-02,CO,Colombia,AMRO,264,6092667,4,139797
851,2022-05-03,CO,Colombia,AMRO,0,6092667,0,139797
852,2022-05-04,CO,Colombia,AMRO,0,6092667,0,139797
853,2022-05-05,CO,Colombia,AMRO,0,6092667,0,139797
854,2022-05-06,CO,Colombia,AMRO,0,6092667,0,139797
855,2022-05-07,CO,Colombia,AMRO,978,6093645,12,139809
856,2022-05-08,CO,Colombia,AMRO,0,6093645,0,139809
857,2022-05-09,CO,Colombia,AMRO,0,6093645,0,139809
858,2022-05-10,CO,Colombia,AMRO,0,6093645,0,139809
859,2022-05-11,CO,Colombia,AMRO,0,6093645,0,139809
860,2022-05-12,CO,Colombia,AMRO,0,6093645,0,139809
861,2022-05-13,CO,Colombia,AMRO,0,6093645,0,139809
862,2022-05-14,CO,Colombia,AMRO,1671,6095316,12,139821
863,2022-05-15,CO,Colombia,AMRO,0,6095316,0,139821
864,2022-05-16,CO,Colombia,AMRO,0,6095316,0,139821
865,2022-05-17,CO,Colombia,AMRO,0,6095316,0,139821
866,2022-05-18,CO,Colombia,AMRO,0,6095316,0,139821
867,2022-05-19,CO,Colombia,AMRO,0,6095316,0,139821
868,2022-05-20,CO,Colombia,AMRO,0,6095316,0,139821
869,2022-05-21,CO,Colombia,AMRO,3795,6099111,12,139833
870,2022-05-22,CO,Colombia,AMRO,0,6099111,0,139833
871,2022-05-23,CO,Colombia,AMRO,0,6099111,0,139833
872,2022-05-24,CO,Colombia,AMRO,0,6099111,0,139833
873,2022-05-25,CO,Colombia,AMRO,0,6099111,0,139833
874,2022-05-26,CO,Colombia,AMRO,0,6099111,0,139833
875,2022-05-27,CO,Colombia,AMRO,0,6099111,0,139833
876,2022-05-28,CO,Colombia,AMRO,4344,6103455,21,139854
877,2022-05-29,CO,Colombia,AMRO,0,6103455,0,139854
878,2022-05-30,CO,Colombia,AMRO,0,6103455,0,139854
879,2022-05-31,CO,Colombia,AMRO,0,6103455,0,139854
880,2022-06-01,CO,Colombia,AMRO,0,6103455,0,139854
881,2022-06-02,CO,Colombia,AMRO,0,6103455,0,139854
882,2022-06-03,CO,Colombia,AMRO,0,6103455,0,139854
883,2022-06-04,CO,Colombia,AMRO,5650,6109105,13,139867
884,2022-06-05,CO,Colombia,AMRO,0,6109105,0,139867
885,2022-06-06,CO,Colombia,AMRO,0,6109105,0,139867
886,2022-06-07,CO,Colombia,AMRO,0,6109105,0,139867
887,2022-06-08,CO,Colombia,AMRO,0,6109105,0,139867
888,2022-06-09,CO,Colombia,AMRO,0,6109105,0,139867
889,2022-06-10,CO,Colombia,AMRO,0,6109105,0,139867
890,2022-06-11,CO,Colombia,AMRO,8742,6117847,27,139894
891,2022-06-12,CO,Colombia,AMRO,0,6117847,0,139894
892,2022-06-13,CO,Colombia,AMRO,0,6117847,0,139894
893,2022-06-14,CO,Colombia,AMRO,0,6117847,0,139894
894,2022-06-15,CO,Colombia,AMRO,0,6117847,0,139894
895,2022-06-16,CO,Colombia,AMRO,0,6117847,0,139894
896,2022-06-17,CO,Colombia,AMRO,0,6117847,0,139894
897,2022-06-18,CO,Colombia,AMRO,13810,6131657,24,139918
898,2022-06-19,CO,Colombia,AMRO,0,6131657,0,139918
899,2022-06-20,CO,Colombia,AMRO,0,6131657,0,139918
900,2022-06-21,CO,Colombia,AMRO,0,6131657,0,139918
901,2022-06-22,CO,Colombia,AMRO,0,6131657,0,139918
902,2022-06-23,CO,Colombia,AMRO,0,6131657,0,139918
903,2022-06-24,CO,Colombia,AMRO,0,6131657,0,139918
904,2022-06-25,CO,Colombia,AMRO,19697,6151354,52,139970
905,2022-06-26,CO,Colombia,AMRO,0,6151354,0,139970
906,2022-06-27,CO,Colombia,AMRO,0,6151354,0,139970
907,2022-06-28,CO,Colombia,AMRO,0,6151354,0,139970
908,2022-06-29,CO,Colombia,AMRO,0,6151354,0,139970
909,2022-06-30,CO,Colombia,AMRO,0,6151354,0,139970
910,2022-07-01,CO,Colombia,AMRO,0,6151354,0,139970
911,2022-07-02,CO,Colombia,AMRO,23827,6175181,100,140070
912,2022-07-03,CO,Colombia,AMRO,0,6175181,0,140070
913,2022-07-04,CO,Colombia,AMRO,0,6175181,0,140070
914,2022-07-05,CO,Colombia,AMRO,0,6175181,0,140070
915,2022-07-06,CO,Colombia,AMRO,0,6175181,0,140070
916,2022-07-07,CO,Colombia,AMRO,0,6175181,0,140070
917,2022-07-08,CO,Colombia,AMRO,0,6175181,0,140070
918,2022-07-09,CO,Colombia,AMRO,23667,6198848,132,140202
919,2022-07-10,CO,Colombia,AMRO,0,6198848,0,140202
920,2022-07-11,CO,Colombia,AMRO,0,6198848,0,140202
921,2022-07-12,CO,Colombia,AMRO,0,6198848,0,140202
922,2022-07-13,CO,Colombia,AMRO,0,6198848,0,140202
923,2022-07-14,CO,Colombia,AMRO,0,6198848,0,140202
924,2022-07-15,CO,Colombia,AMRO,0,6198848,0,140202
925,2022-07-16,CO,Colombia,AMRO,24649,6223497,163,140365
926,2022-07-17,CO,Colombia,AMRO,0,6223497,0,140365
927,2022-07-18,CO,Colombia,AMRO,0,6223497,0,140365
928,2022-07-19,CO,Colombia,AMRO,0,6223497,0,140365
929,2022-07-20,CO,Colombia,AMRO,0,6223497,0,140365
930,2022-07-21,CO,Colombia,AMRO,0,6223497,0,140365
931,2022-07-22,CO,Colombia,AMRO,0,6223497,0,140365
932,2022-07-23,CO,Colombia,AMRO,24137,6247634,238,140603
933,2022-07-24,CO,Colombia,AMRO,0,6247634,0,140603
934,2022-07-25,CO,Colombia,AMRO,0,6247634,0,140603
935,2022-07-26,CO,Colombia,AMRO,0,6247634,0,140603
936,2022-07-27,CO,Colombia,AMRO,0,6247634,0,140603
937,2022-07-28,CO,Colombia,AMRO,0,6247634,0,140603
938,2022-07-29,CO,Colombia,AMRO,0,6247634,0,140603
939,2022-07-30,CO,Colombia,AMRO,18164,6265798,242,140845
940,2022-07-31,CO,Colombia,AMRO,0,6265798,0,140845
941,2022-08-01,CO,Colombia,AMRO,0,6265798,0,140845
942,2022-08-02,CO,Colombia,AMRO,0,6265798,0,140845
943,2022-08-03,CO,Colombia,AMRO,0,6265798,0,140845
944,2022-08-04,CO,Colombia,AMRO,0,6265798,0,140845
945,2022-08-05,CO,Colombia,AMRO,0,6265798,0,140845
946,2022-08-06,CO,Colombia,AMRO,13200,6278998,230,141075
947,2022-08-07,CO,Colombia,AMRO,0,6278998,0,141075
948,2022-08-08,CO,Colombia,AMRO,0,6278998,0,141075
949,2022-08-09,CO,Colombia,AMRO,0,6278998,0,141075
950,2022-08-10,CO,Colombia,AMRO,0,6278998,0,141075
951,2022-08-11,CO,Colombia,AMRO,0,6278998,0,141075
952,2022-08-12,CO,Colombia,AMRO,0,6278998,0,141075
953,2022-08-13,CO,Colombia,AMRO,7394,6286392,212,141287
954,2022-08-14,CO,Colombia,AMRO,0,6286392,0,141287
955,2022-08-15,CO,Colombia,AMRO,0,6286392,0,141287
956,2022-08-16,CO,Colombia,AMRO,0,6286392,0,141287
957,2022-08-17,CO,Colombia,AMRO,0,6286392,0,141287
958,2022-08-18,CO,Colombia,AMRO,0,6286392,0,141287
959,2022-08-19,CO,Colombia,AMRO,0,6286392,0,141287
960,2022-08-20,CO,Colombia,AMRO,6738,6293130,119,141406
961,2022-08-21,CO,Colombia,AMRO,0,6293130,0,141406
962,2022-08-22,CO,Colombia,AMRO,0,6293130,0,141406
963,2022-08-23,CO,Colombia,AMRO,0,6293130,0,141406
964,2022-08-24,CO,Colombia,AMRO,0,6293130,0,141406
965,2022-08-25,CO,Colombia,AMRO,0,6293130,0,141406
966,2022-08-26,CO,Colombia,AMRO,0,6293130,0,141406
967,2022-08-27,CO,Colombia,AMRO,6465,6299595,113,141519
968,2022-08-28,CO,Colombia,AMRO,0,6299595,0,141519
969,2022-08-29,CO,Colombia,AMRO,0,6299595,0,141519
970,2022-08-30,CO,Colombia,AMRO,0,6299595,0,141519
971,2022-08-31,CO,Colombia,AMRO,0,6299595,0,141519
972,2022-09-01,CO,Colombia,AMRO,0,6299595,0,141519
973,2022-09-02,CO,Colombia,AMRO,0,6299595,0,141519
974,2022-09-03,CO,Colombia,AMRO,3214,6302809,127,141646
975,2022-09-04,CO,Colombia,AMRO,0,6302809,0,141646
976,2022-09-05,CO,Colombia,AMRO,0,6302809,0,141646
977,2022-09-06,CO,Colombia,AMRO,0,6302809,0,141646
978,2022-09-07,CO,Colombia,AMRO,0,6302809,0,141646
979,2022-09-08,CO,Colombia,AMRO,0,6302809,0,141646
980,2022-09-09,CO,Colombia,AMRO,0,6302809,0,141646
981,2022-09-10,CO,Colombia,AMRO,1508,6304317,62,141708
982,2022-09-11,CO,Colombia,AMRO,0,6304317,0,141708
983,2022-09-12,CO,Colombia,AMRO,0,6304317,0,141708
984,2022-09-13,CO,Colombia,AMRO,0,6304317,0,141708
985,2022-09-14,CO,Colombia,AMRO,0,6304317,0,141708
986,2022-09-15,CO,Colombia,AMRO,0,6304317,0,141708
987,2022-09-16,CO,Colombia,AMRO,0,6304317,0,141708
988,2022-09-17,CO,Colombia,AMRO,1245,6305562,38,141746
989,2022-09-18,CO,Colombia,AMRO,0,6305562,0,141746
990,2022-09-19,CO,Colombia,AMRO,0,6305562,0,141746
991,2022-09-20,CO,Colombia,AMRO,0,6305562,0,141746
992,2022-09-21,CO,Colombia,AMRO,0,6305562,0,141746
993,2022-09-22,CO,Colombia,AMRO,0,6305562,0,141746
994,2022-09-23,CO,Colombia,AMRO,0,6305562,0,141746
995,2022-09-24,CO,Colombia,AMRO,990,6306552,23,141769
996,2022-09-25,CO,Colombia,AMRO,0,6306552,0,141769
997,2022-09-26,CO,Colombia,AMRO,0,6306552,0,141769
998,2022-09-27,CO,Colombia,AMRO,0,6306552,0,141769
