,Date_reported,Indicator,SmoothedCases,cutDatesW
9990,2020-01-03,0.0,3.5422669158464296e-13,0
9991,2020-01-04,0.0,5.695913541946263e-13,0
9992,2020-01-05,0.0,9.126561435455724e-13,0
9993,2020-01-06,0.0,1.4568707345635299e-12,0
9994,2020-01-07,0.0,2.3163805018291566e-12,0
9995,2020-01-08,0.0,3.667548616453142e-12,0
9996,2020-01-09,0.0,5.781208012315991e-12,0
9997,2020-01-10,0.0,9.070598221261492e-12,0
9998,2020-01-11,0.0,1.4162006464315992e-11,0
9999,2020-01-12,0.0,2.199793991010054e-11,0
10000,2020-01-13,0.0,3.3986419516923955e-11,0
10001,2020-01-14,0.0,5.221495742899557e-11,0
10002,2020-01-15,0.0,7.975425149374435e-11,0
10003,2020-01-16,0.0,1.2108493398217553e-10,0
10004,2020-01-17,0.0,1.8269121927323903e-10,0
10005,2020-01-18,0.0,2.738784229259718e-10,0
10006,2020-01-19,0.0,4.0788754052572526e-10,0
10007,2020-01-20,0.0,6.033999178366194e-10,0
10008,2020-01-21,0.0,8.865491538984007e-10,0
10009,2020-01-22,0.0,1.293586540724901e-09,0
10010,2020-01-23,0.0,1.8743815445714506e-09,0
10011,2020-01-24,0.0,2.696981329383281e-09,0
10012,2020-01-25,0.0,3.8535046989101e-09,0
10013,2020-01-26,0.0,5.467708052195475e-09,0
10014,2020-01-27,0.0,7.704636352195313e-09,0
10015,2020-01-28,0.0,1.0782863366640606e-08,0
10016,2020-01-29,0.0,1.498993539093956e-08,0
10017,2020-01-30,0.0,2.0701764036436786e-08,0
10018,2020-01-31,0.0,2.8406868673499347e-08,0
10019,2020-02-01,0.0,3.8736548884281644e-08,0
10020,2020-02-02,0.0,5.250227116328815e-08,0
10021,2020-02-03,0.0,7.0741778945389e-08,0
10022,2020-02-04,0.0,9.477567444796246e-08,0
10023,2020-02-05,0.0,1.2627646462633036e-07,0
10024,2020-02-06,0.0,1.6735229766010931e-07,0
10025,2020-02-07,0.0,2.2064782315712056e-07,0
10026,2020-02-08,0.0,2.894647685795438e-07,0
10027,2020-02-09,0.0,3.7790491564835624e-07,0
10028,2020-02-10,0.0,4.910381652552443e-07,0
10029,2020-02-11,0.0,6.35098284780329e-07,0
10030,2020-02-12,0.0,8.177087336345916e-07,0
10031,2020-02-13,0.0,1.0481406689822286e-06,0
10032,2020-02-14,0.0,1.3376048647133106e-06,0
10033,2020-02-15,0.0,1.6995788656875482e-06,0
10034,2020-02-16,0.0,2.150170286731188e-06,0
10035,2020-02-17,0.0,2.7085167922190824e-06,0
10036,2020-02-18,0.0,3.3972229854139765e-06,0
10037,2020-02-19,0.0,4.242834197811865e-06,0
10038,2020-02-20,0.0,5.276346954488608e-06,0
10039,2020-02-21,0.0,6.533755599836845e-06,0
10040,2020-02-22,0.0,8.056634027862271e-06,0
10041,2020-02-23,0.0,9.89275043044069e-06,0
10042,2020-02-24,0.0,1.2096711154297296e-05,0
10043,2020-02-25,0.0,1.4730626809186353e-05,0
10044,2020-02-26,5.143493172527163e-06,1.786478937338862e-05,0
10045,2020-02-27,0.0,2.1578342946335825e-05,0
10046,2020-02-28,1.0286986345054326e-05,2.5959922890734893e-05,0
10047,2020-02-29,5.143493172527163e-06,3.110822849068796e-05,0
10048,2020-03-01,0.0,3.713248331002834e-05,0
10049,2020-03-02,0.0,4.4152725872972074e-05,0
10050,2020-03-03,0.0,5.229986215026925e-05,0
10051,2020-03-04,1.0286986345054326e-05,6.171540196567658e-05,0
10052,2020-03-05,0.0,7.25507954081717e-05,0
10053,2020-03-06,5.143493172527163e-06,8.496628429945103e-05,0
10054,2020-03-07,3.0860959035162976e-05,9.912918928510065e-05,0
10055,2020-03-08,1.0286986345054326e-05,0.00011521156645039622,0
10056,2020-03-09,1.0286986345054326e-05,0.00013338718924926708,0
10057,2020-03-10,4.11479453802173e-05,0.00015382784200691877,0
10058,2020-03-11,0.0001028698634505,0.00017669894948728695,0
10059,2020-03-12,9.77263702780161e-05,0.00020215461126068455,0
10060,2020-03-13,0.0001285873293131,0.00023033215723463932,0
10061,2020-03-14,0.0001234438361406,0.00026134638835080613,0
10062,2020-03-15,0.0001337308224857,0.00029528371023954076,0
10063,2020-03-16,0.0001183003429681,0.00033219640354101114,0
10064,2020-03-17,0.0001697352746933,0.0003720972988605777,0
10065,2020-03-18,0.0001131568497955,0.000414955133774898,0
10066,2020-03-19,0.0002211702064186,0.00046069086179435743,0
10067,2020-03-20,8.743938393296177e-05,0.000509175157855261,0
10068,2020-03-21,0.0001594482883483,0.000560227322353094,0
10069,2020-03-22,0.0003034660971791,0.0006136157280007958,0
10070,2020-03-23,0.0003394705493867,0.0006690598843083322,0
10071,2020-03-24,0.0007355195236713,0.0007262341177018659,0
10072,2020-03-25,0.00095668973009,0.0007847727863783587,0
10073,2020-03-26,0.0007406630168439,0.0008442768732863296,0
10074,2020-03-27,0.0006326496602208,0.0009043217332336575,0
10075,2020-03-28,0.0013527387043746,0.0009644657154361073,0
10076,2020-03-29,0.0008229589076043,0.0010242593441465947,0
10077,2020-03-30,0.0015841958971383,0.0010832547193313342,0
10078,2020-03-31,0.0009875506891252,0.0011410147972374563,0
10079,2020-04-01,0.0015070434995504,0.0011971222262805428,0
10080,2020-04-02,0.0011058510320933,0.0012511874448890565,0
10081,2020-04-03,0.0014298911019625,0.0013028557917313076,0
10082,2020-04-04,0.0022888544617745,0.0013518134314501966,0
10083,2020-04-05,0.0022117020641866,0.0013977919567140786,0
10084,2020-04-06,0.0012910167863043,0.0014405715862285647,0
10085,2020-04-07,0.0009926941822977,0.0014799829349190481,0
10086,2020-04-08,0.0018516575421097,0.0015159073840045805,0
10087,2020-04-09,0.0017693616513493,0.0015482761231487942,0
10088,2020-04-10,0.0022682804890844,0.0015770679731498401,0
10089,2020-04-11,0.0013630256907196,0.0016023061253954962,0
10090,2020-04-12,0.0026900469292317,0.0016240539539556437,0
10091,2020-04-13,0.0015944828834834,0.00164241006866528,0
10092,2020-04-14,0.0017127832264515,0.001657502784185561,0
10093,2020-04-15,0.0012652993204416,0.0016694841822923296,0
10094,2020-04-16,0.0017333571991416,0.001678523943956073,0
10095,2020-04-17,0.0025254551477108,0.0016848031253341056,0
10096,2020-04-18,0.0018516575421097,0.0016885080484004091,0
10097,2020-04-19,0.001805366103557,0.0016898244729093527,0
10098,2020-04-20,0.0016870657605889,0.0016889322115136354,0
10099,2020-04-21,0.0009772637027801,0.0016860003434107137,0
10100,2020-04-22,0.0015739089107933,0.0016811831727307327,0
10101,2020-04-23,0.0024071548047427,0.0016746170645917451,0
10102,2020-04-24,0.0019853883645954,0.0016664182728714889,0
10103,2020-04-25,0.0016510613083812,0.001656681848017388,0
10104,2020-04-26,0.0011212815116109,0.0016454816798466493,0
10105,2020-04-27,0.0020625407621833,0.0016328716892080309,0
10106,2020-04-28,0.0015584784312757,0.0016188881344386895,0
10107,2020-04-29,0.00142474760879,0.0016035529456356517,0
10108,2020-04-30,0.0018619445284548,0.0015868779447716214,0
10109,2020-05-01,0.0013475952112021,0.0015688697563873586,0
10110,2020-05-02,0.0016819222674163,0.0015495351663355789,0
10111,2020-05-03,0.0008486763734669,0.0015288866493533269,0
10112,2020-05-04,0.0022168455573592,0.0015069477643010855,0
10113,2020-05-05,0.0017950791172119,0.0014837581120922825,0
10114,2020-05-06,0.0016716352810713,0.001459377567699132,0
10115,2020-05-07,0.0013887431565823,0.0014338895345300477,0
10116,2020-05-08,0.0020162493236306,0.0014074030254115073,0
10117,2020-05-09,0.0016047698698284,0.0013800534459638314,0
10118,2020-05-10,0.0016459178152086,0.0013520020382540143,0
10119,2020-05-11,0.0011881469228537,0.0013234340289089944,0
10120,2020-05-12,0.0011624294569911,0.0012945556093892567,0
10121,2020-05-13,0.0009772637027801,0.001265589949893228,0
10122,2020-05-14,0.001152142470646,0.00123677250616177,0
10123,2020-05-15,0.0012601558272691,0.001208345915434138,0
10124,2020-05-16,0.0009772637027801,0.0011805547910124692,0
10125,2020-05-17,0.0013733126770647,0.0011536407135524277,0
10126,2020-05-18,0.000858963359812,0.001127837682808185,0
10127,2020-05-19,0.0008486763734669,0.0011033682397138208,0
10128,2020-05-20,0.0007972414417417,0.001080440400691686,0
10129,2020-05-21,0.0010081246618153,0.0010592454704219968,0
10130,2020-05-22,0.0010184116481603,0.0010399567229858254,0
10131,2020-05-23,0.0006532236329109,0.0010227288711416812,0
10132,2020-05-24,0.0007458065100164,0.0010076981855478772,0
10133,2020-05-25,0.0010955640457482,0.000994983084697492,0
10134,2020-05-26,0.0010955640457482,0.0009846849951726951,0
10135,2020-05-27,0.0007509500031889,0.0009768892816181317,0
10136,2020-05-28,0.0008486763734669,0.000971666065720114,0
10137,2020-05-29,0.0010132681549878,0.0009690707908391121,1
10138,2020-05-30,0.0009824071959526,0.0009691444397081744,0
10139,2020-05-31,0.0007766674690516,0.0009719133716823835,0
10140,2020-06-01,0.0006377931533933,0.0009773888077639124,0
10141,2020-06-02,0.0007252325373263,0.0009855660503508795,0
10142,2020-06-03,0.0006120756875307,0.0009964235751157384,0
10143,2020-06-04,0.0007818109622241,0.0010099221702048096,0
10144,2020-06-05,0.0012241513750614,0.0010260043198259924,0
10145,2020-06-06,0.0010081246618153,0.001044594033398203,0
10146,2020-06-07,0.0009618332232625,0.0010655973073916685,0
10147,2020-06-08,0.0009721202096076,0.001088903375866164,0
10148,2020-06-09,0.0006429366465658,0.0011143868599125025,0
10149,2020-06-10,0.0007458065100164,0.0011419108692175088,0
10150,2020-06-11,0.0010081246618153,0.0011713310450982054,0
10151,2020-06-12,0.0012190078818889,0.0012025004683264293,0
10152,2020-06-13,0.001141855484301,0.0012352752916999432,0
10153,2020-06-14,0.0014144606224449,0.0012695209011197185,0
10154,2020-06-15,0.0016459178152086,0.0013051183637783827,0
10155,2020-06-16,0.0008538198666395,0.001341970890911526,0
10156,2020-06-17,0.0012858732931317,0.001380010027261463,0
10157,2020-06-18,0.0017745051445218,0.0014192012805902847,0
10158,2020-06-19,0.0016459178152086,0.001459548921680882,0
10159,2020-06-20,0.0016459178152086,0.0015010997165899329,0
10160,2020-06-21,0.0016973527469339,0.0015439453958420153,0
10161,2020-06-22,0.001620200349346,0.0015882237164749023,0
10162,2020-06-23,0.0012652993204416,0.0016341180286768215,0
10163,2020-06-24,0.0011007075389208,0.0016818553154479764,0
10164,2020-06-25,0.0016510613083812,0.0017317027277724438,0
10165,2020-06-26,0.0023660068593624,0.0017839626862397333,0
10166,2020-06-27,0.0021139756939086,0.0018389666607145855,0
10167,2020-06-28,0.0016716352810713,0.001897067771262658,0
10168,2020-06-29,0.0014967565132054,0.0019586323758638757,0
10169,2020-06-30,0.0013835996634098,0.002024030824264403,0
10170,2020-07-01,0.0019956753509405,0.0020936275643222042,0
10171,2020-07-02,0.0016767787742438,0.0021677707897863403,0
10172,2020-07-03,0.0023145719276372,0.0022467818194254604,0
10173,2020-07-04,0.0021602671324614,0.0023309443996398834,0
10174,2020-07-05,0.0021396931597712,0.0024204941286369987,0
10175,2020-07-06,0.0020111058304581,0.0025156082116131492,0
10176,2020-07-07,0.0012858732931317,0.0026163957736876488,0
10177,2020-07-08,0.0020419667894932,0.002722888979646977,0
10178,2020-07-09,0.0028546387107525,0.0028350352343720206,0
10179,2020-07-10,0.0031581048079316,0.002952690761123766,0
10180,2020-07-11,0.003044947958136,0.0030756158714261832,0
10181,2020-07-12,0.0035901582344239,0.0032034722441885376,0
10182,2020-07-13,0.0023454328866723,0.0033358225170493244,0
10183,2020-07-14,0.0021242626802537,0.003472132454645348,0
10184,2020-07-15,0.0032764051508998,0.0036117758932675626,0
10185,2020-07-16,0.0032969791235899,0.0037540425682966415,0
10186,2020-07-17,0.0039964941950536,0.0038981488120976857,0
10187,2020-07-18,0.0041096510448492,0.004043250971169065,0
10188,2020-07-19,0.0045725654303766,0.004188461240907578,0
10189,2020-07-20,0.0039450592633283,0.004332865465576637,0
10190,2020-07-21,0.0035027188504909,0.00447554231277437,0
10191,2020-07-22,0.005112632213492,0.004615583119075149,0
10192,2020-07-23,0.0052977979677029,0.004752111628648747,0
10193,2020-07-24,0.0057195644078502,0.004884302819091716,0
10194,2020-07-25,0.0057555688600578,0.005011400034174153,0
10195,2020-07-26,0.0066042452335248,0.005132729722735158,0
10196,2020-07-27,0.0057607123532304,0.00524771321244905,0
10197,2020-07-28,0.0056784164624699,0.005355875117567981,0
10198,2020-07-29,0.0059201606415787,0.0054568481777505845,0
10199,2020-07-30,0.0060796089299271,0.005550374534492004,0
10200,2020-07-31,0.0069745767419468,0.005636303654960398,0
10201,2020-08-01,0.0066608236584226,0.0057145872932324445,0
10202,2020-08-02,0.0063007791363457,0.005785272021348552,0
10203,2020-08-03,0.0055292551604667,0.005848489956494127,0
10204,2020-08-04,0.0042330948809898,0.005904448350148435,0
10205,2020-08-05,0.0063367835885534,0.0059534186899224874,0
10206,2020-08-06,0.006732832562838,0.00599572590012015,0
10207,2020-08-07,0.006917998317049,0.006031738122562504,0
10208,2020-08-08,0.0070877335917424,0.0060618574281085715,0
10209,2020-08-09,0.0069437157829116,0.006086511666625016,0
10210,2020-08-10,0.0058892996825436,0.006106147524049424,0
10211,2020-08-11,0.0040067811813986,0.006121224733237061,0
10212,2020-08-12,0.0062493442046205,0.006132211291090235,0
10213,2020-08-13,0.0072780428391259,0.006139579474704105,0
10214,2020-08-14,0.0074786390728544,0.006143802426177122,0
10215,2020-08-15,0.0072780428391259,0.006145351087269018,0
10216,2020-08-16,0.006830558933116,0.006144691305468069,0
10217,2020-08-17,0.005590977078537,0.006142280993755453,0
10218,2020-08-18,0.0037701804954624,0.00613856729745529,0
10219,2020-08-19,0.0052155020769425,0.006133983792905362,0
10220,2020-08-20,0.0072471818800907,0.006128947805216972,0
10221,2020-08-21,0.0069231418102215,0.006123857979108853,0
10222,2020-08-22,0.0071597424961578,0.00611909226339217,0
10223,2020-08-23,0.0061156133821347,0.00611500647478416,0
10224,2020-08-24,0.0049428969387986,0.006111933591763231,0
10225,2020-08-25,0.0042433818673349,0.006110183897880085,0
10226,2020-08-26,0.0054521027628787,0.006110046051612879,0
10227,2020-08-27,0.0064602274246941,0.006111789112512072,0
10228,2020-08-28,0.0077358137314808,0.006115665506871582,0
10229,2020-08-29,0.0067791240013908,0.006121914875400387,0
10230,2020-08-30,0.0070208681804995,0.0061307687137535215,0
10231,2020-08-31,0.0048966055002458,0.0061424556958715034,0
10232,2020-09-01,0.003883337345258,0.006157207559528222,0
10233,2020-09-02,0.0054160983106711,0.006175265431252073,0
10234,2020-09-03,0.0066762541379402,0.006196886470527562,0
10235,2020-09-04,0.0070208681804995,0.006222350716850067,0
10236,2020-09-05,0.0068871373580138,0.006251968023667845,0
10237,2020-09-06,0.0065270928359369,0.006286084956952013,0
10238,2020-09-07,0.0059150171484062,0.006325091520685139,0
10239,2020-09-08,0.0045417044713414,0.006369427546135046,0
10240,2020-09-09,0.0058430082439908,0.006419588547399468,0
10241,2020-09-10,0.006537379822282,0.00647613080525768,0
10242,2020-09-11,0.0070980205780874,0.006539675399423339,0
10243,2020-09-12,0.0071545990029852,0.006610910871735103,0
10244,2020-09-13,0.0067431195491831,0.006690594176270639,0
10245,2020-09-14,0.0057041339283326,0.006779549563524771,0
10246,2020-09-15,0.0035592972753887,0.006878665060716777,0
10247,2020-09-16,0.0057144209146776,0.00698888625372273,0
10248,2020-09-17,0.008810803804539,0.007111207150887215,0
10249,2020-09-18,0.0086359250366731,0.007246658015521215,0
10250,2020-09-19,0.0078541140744489,0.007396290190110394,0
10251,2020-09-20,0.0068562763989787,0.007561158096385505,0
10252,2020-09-21,0.0063316400953809,0.007742298774242143,0
10253,2020-09-22,0.0041559424834019,0.007940709509745037,0
10254,2020-09-23,0.0054469592697062,0.00815732428721699,0
10255,2020-09-24,0.0090885524358554,0.008392989970777007,0
10256,2020-09-25,0.008430185309772,0.008648443264339127,0
10257,2020-09-26,0.0083787503780467,0.008924289603924968,0
10258,2020-09-27,0.0079827014037621,0.009220985190936086,0
10259,2020-09-28,0.007396343182094,0.009538823369977589,0
10260,2020-09-29,0.006537379822282,0.009877926482149838,0
10261,2020-09-30,0.0075609349636149,0.01023824417926671,0
10262,2020-10-01,0.0110996582663136,0.010619558964233725,0
10263,2020-10-02,0.0107293267578916,0.01102149942958756,0
10264,2020-10-03,0.0120512045032311,0.011443561305968951,0
10265,2020-10-04,0.010616169908096,0.011885136015744577,0
10266,2020-10-05,0.0094383099715873,0.012345545969676724,0
10267,2020-10-06,0.0081832976374907,0.012824085366917102,0
10268,2020-10-07,0.0109093490189301,0.013320064785675993,0
10269,2020-10-08,0.0152144528043353,0.013832857412512849,0
10270,2020-10-09,0.01609913363001,0.014361944383788168,0
10271,2020-10-10,0.0163871692476715,0.014906956435931333,0
10272,2020-10-11,0.018089665487778,0.015467708913352328,0
10273,2020-10-12,0.0148132603368782,0.01604422719222301,0
10274,2020-10-13,0.0106418873739587,0.01663675976715503,0
10275,2020-10-14,0.0159911202733869,0.017245776629502226,0
10276,2020-10-15,0.020656268580869,0.01787195114287424,0
10277,2020-10-16,0.0206408381013515,0.018516124382321766,0
10278,2020-10-17,0.0207077035125943,0.019179251822509114,0
10279,2020-10-18,0.0203270850178273,0.019862333295593337,0
10280,2020-10-19,0.0201624932363064,0.02056632823538662,0
10281,2020-10-20,0.0126838541634519,0.021292059312143563,0
10282,2020-10-21,0.0174878767865923,0.022040108564769307,0
10283,2020-10-22,0.0249356549004116,0.02281071097379605,0
10284,2020-10-23,0.0252134035317281,0.023603651011714438,0
10285,2020-10-24,0.0258614836714665,0.02441816799029849,0
10286,2020-10-25,0.0244881709944018,0.025252875948546076,0
10287,2020-10-26,0.0198281661800922,0.026105703365622252,0
10288,2020-10-27,0.0146280945826672,0.026973857146440634,0
10289,2020-10-28,0.0242978617470183,0.02785381415142363,0
10290,2020-10-29,0.0274816840208126,0.0287413420966865,0
10291,2020-10-30,0.0333349792511485,0.02963155003445748,0
10292,2020-10-31,0.0336693063073628,0.030518966954487862,0
10293,2020-11-01,0.0295905162215487,0.031397645454058,0
10294,2020-11-02,0.0273839576505346,0.0322612860331504,0
10295,2020-11-03,0.0207848559101822,0.03310337649333551,0
10296,2020-11-04,0.0397746327031525,0.03391734023747823,0
10297,2020-11-05,0.0444963594355324,0.03469668702927535,0
10298,2020-11-06,0.0499638926779288,0.03543515998115812,0
10299,2020-11-07,0.0527722399501286,0.0361268731571577,0
10300,2020-11-08,0.0511108916554024,0.036766435125692776,0
10301,2020-11-09,0.0347288659009034,0.03734905496742959,0
10302,2020-11-10,0.016664917878988,0.037870628509366636,0
10303,2020-11-11,0.0375680741321384,0.038327803789419926,0
10304,2020-11-12,0.0504010895975936,0.038718025839880994,0
10305,2020-11-13,0.0521653077557704,0.039039561723171745,0
10306,2020-11-14,0.0488066067141102,0.039291507305630725,0
10307,2020-11-15,0.0486574454121069,0.03947377750273191,0
10308,2020-11-16,0.0364982275522527,0.039587081702065686,0
10309,2020-11-17,0.0253625648337314,0.03963288583489672,0
10310,2020-11-18,0.0424955405914194,0.03961336221569861,0
10311,2020-11-19,0.0528185313886814,0.039531327907010264,0
10312,2020-11-20,0.0519904289879045,0.03939017209713144,0
10313,2020-11-21,0.0476904686956718,0.03919377288629501,0
10314,2020-11-22,0.0498147313759255,0.03894640401917577,0
10315,2020-11-23,0.030022569648041,0.03865263249600349,0
10316,2020-11-24,0.0216386757768217,0.03831720861769051,0
10317,2020-11-25,0.039877502566603,0.037944950809330136,0
10318,2020-11-26,0.050092480007242,0.03754062842604644,0
10319,2020-11-27,0.0463171560186071,0.03710884655981853,0
10320,2020-11-28,0.0437145484733083,0.03665393751388184,0
10321,2020-11-29,0.0418371734653359,0.03617986398048546,0
10322,2020-11-30,0.0285669610802158,0.03569013896019205,0
10323,2020-12-01,0.0196790048780889,0.035187767044603364,0
10324,2020-12-02,0.021973002833036,0.034675210841053024,0
10325,2020-12-03,0.0252854124361435,0.03415438508509826,0
10326,2020-12-04,0.0394043011947305,0.03362667944515515,0
10327,2020-12-05,0.0414668419569139,0.03309300928877567,0
10328,2020-12-06,0.0415182768886392,0.03255389189007432,0
10329,2020-12-07,0.0269056127854895,0.032009543859284804,0
10330,2020-12-08,0.0188251850114494,0.031459994108408454,0
10331,2020-12-09,0.0382624457104295,0.030905205551191844,0
10332,2020-12-10,0.0378818272156625,0.030345198059905067,0
10333,2020-12-11,0.0363490662502494,0.02978016501617889,0
10334,2020-12-12,0.0332269658945254,0.029210576108520972,0
10335,2020-12-13,0.0325737422616145,0.02863725981632194,0
10336,2020-12-14,0.0228113922201579,0.028061460217105066,0
10337,2020-12-15,0.0167266397970583,0.027484864273052054,0
10338,2020-12-16,0.0317404963676651,0.026909597490923642,0
10339,2020-12-17,0.0308146675966102,0.026338187695958883,0
10340,2020-12-18,0.0293024806038872,0.025773498505982286,0
10341,2020-12-19,0.027466253541295,0.025218635835147617,0
10342,2020-12-20,0.0265301377838951,0.02467683230777334,0
10343,2020-12-21,0.0172307021279659,0.02415131574615416,0
10344,2020-12-22,0.0128021545064201,0.023645168851942268,0
10345,2020-12-23,0.0257637573011885,0.023161187784028273,0
10346,2020-12-24,0.0280783292288257,0.022701747517648075,0
10347,2020-12-25,0.022168455573592,0.022268681636331646,0
10348,2020-12-26,0.0196069959736735,0.0218631835635914,0
10349,2020-12-27,0.0071340250302951,0.021485735206202918,0
10350,2020-12-28,0.0105390175105081,0.02113606759623714,0
10351,2020-12-29,0.0134759521120211,0.02081315644567493,0
10352,2020-12-30,0.0238503778410084,0.020515253646624414,0
10353,2020-12-31,0.0250745292160699,0.020239953761254217,0
10354,2021-01-01,0.0223606955055829,0.019984292562150924,0
10355,2021-01-02,0.0203739978947213,0.019744872827523578,0
10356,2021-01-03,0.0061773878837728,0.019518010988031173,0
10357,2021-01-04,0.0156969806024846,0.019299896975035463,0
10358,2021-01-05,0.0161936550052,0.019086758826567997,0
10359,2021-01-06,0.0244663880254284,0.018875023331752727,0
10360,2021-01-07,0.029588342803431,0.018661464265854223,0
10361,2021-01-08,0.0256149475817078,0.018443330575644547,0
10362,2021-01-09,0.0250458414952631,0.018218448166732095,0
10363,2021-01-10,0.0227797645328741,0.017985290631362727,0
10364,2021-01-11,0.0159453178038423,0.01774301621628439,0
10365,2021-01-12,0.0102801253978698,0.017491470423463416,0
10366,2021-01-13,0.0191271381962379,0.01723115571026717,0
10367,2021-01-14,0.022888412058468,0.016963171662302337,0
10368,2021-01-15,0.0182372632247061,0.0166891306197979,0
10369,2021-01-16,0.0173473882531743,0.0164110549428812,0
10370,2021-01-17,0.0166489398743558,0.016131262833449175,0
10371,2021-01-18,0.0111544792943167,0.015852249862912966,0
10372,2021-01-19,0.0078071007676827,0.015576573098172161,0
10373,2021-01-20,0.0142017837026435,0.015306744022872187,0
10374,2021-01-21,0.0155210750848563,0.015045135398761126,0
10375,2021-01-22,0.0148898846980721,0.01479390590648762,0
10376,2021-01-23,0.0139637938846757,0.014554944961845395,0
10377,2021-01-24,0.0140672677185747,0.014329838638417067,0
10378,2021-01-25,0.009395424118033,0.014119856247619023,0
10379,2021-01-26,0.0080243958188707,0.013925955921466598,0
10380,2021-01-27,0.0148847110063771,0.013748806577636167,0
10381,2021-01-28,0.0164212974397779,0.013588822959791679,0
10382,2021-01-29,0.015008879607056,0.013446210051276847,0
10383,2021-01-30,0.0141603941690839,0.013321013045662293,0
10384,2021-01-31,0.0138034094421322,0.01321316919219198,0
10385,2021-02-01,0.0094419873432875,0.013122558172996181,0
10386,2021-02-02,0.0067930571954721,0.013049048159571227,0
10387,2021-02-03,0.0138447989756918,0.012992535284407759,0
10388,2021-02-04,0.0142379995445081,0.012952974899121375,0
10389,2021-02-05,0.0138034094421322,0.012930403629366864,0
10390,2021-02-06,0.0133481245729764,0.012924951844615092,1
10391,2021-02-07,0.0135085090155199,0.012936846712479985,0
10392,2021-02-08,0.0102180410975304,0.012966406486344154,0
10393,2021-02-09,0.0068240993456418,0.013014027072171672,0
10394,2021-02-10,0.014470815670781,0.013080162231103554,0
10395,2021-02-11,0.015769412286214,0.013165298997006808,0
10396,2021-02-12,0.0136792408414533,0.01326993002213233,0
10397,2021-02-13,0.0131929138221278,0.01339452460937662,0
10398,2021-02-14,0.0124944654433093,0.013539500146681089,0
10399,2021-02-15,0.0096851508529503,0.013705195529318929,0
10400,2021-02-16,0.0068861836459812,0.013891847943069652,0
10401,2021-02-17,0.0138447989756918,0.014099574093215892,0
10402,2021-02-18,0.0145639421212901,0.014328356613569564,0
10403,2021-02-19,0.0158211492031635,0.014578035994660524,0
10404,2021-02-20,0.0140310518767101,0.014848307954624643,0
10405,2021-02-21,0.0140776151019646,0.015138725768456106,0
10406,2021-02-22,0.0125151602100891,0.01544870670181945,0
10407,2021-02-23,0.0084538122295517,0.015777541394955928,0
10408,2021-02-24,0.017497425312328,0.016124404837391557,0
10409,2021-02-25,0.0172646091860551,0.016488367485694128,0
10410,2021-02-26,0.020296392519297,0.016868405115782553,0
10411,2021-02-27,0.0194582544647148,0.01726340616854615,0
10412,2021-02-28,0.0177561098970756,0.017672175631223377,0
10413,2021-03-01,0.0146415474967144,0.01809343487421791,0
10414,2021-03-02,0.0108440577926196,0.018525817301339606,0
10415,2021-03-03,0.0204360821950608,0.018967860131760644,0
10416,2021-03-04,0.022133053071005,0.01941799307230871,0
10417,2021-03-05,0.0220968372291404,0.019874525018422295,0
10418,2021-03-06,0.022464169339482,0.020335630205959788,0
10419,2021-03-07,0.0210258830482853,0.020799335397948888,0
10420,2021-03-08,0.0170110982930025,0.021263509715908575,0
10421,2021-03-09,0.0117960170644907,0.02172585861338394,0
10422,2021-03-10,0.025811547866116,0.02218392325180948,0
10423,2021-03-11,0.0236127288957613,0.022635086199535054,0
10424,2021-03-12,0.0270894497147692,0.023076583966669173,0
10425,2021-03-13,0.02592019539171,0.023505526449625273,0
10426,2021-03-14,0.0256822055737422,0.02391892292950423,0
10427,2021-03-15,0.022676290698975,0.024313713884423337,0
10428,2021-03-16,0.0153762117173976,0.02468680756770055,0
10429,2021-03-17,0.0316526457897169,0.02503512009202516,0
10430,2021-03-18,0.0320044568249737,0.025355617653840465,0
10431,2021-03-19,0.0319423725246342,0.02564535953007991,0
10432,2021-03-20,0.0289364576498671,0.025901540568594696,0
10433,2021-03-21,0.031538824572428,0.026121532053207996,0
10434,2021-03-22,0.0220761424623606,0.02630292002812098,0
10435,2021-03-23,0.0193651280142057,0.026443540386305687,0
10436,2021-03-24,0.0318130302322604,0.02654151023607988,0
10437,2021-03-25,0.031745772240226,0.026595255237478712,0
10438,2021-03-26,0.0344102234631264,0.026603532730514835,0
10439,2021-03-27,0.0337117750843078,0.026565450554468847,0
10440,2021-03-28,0.0303643965576738,0.026480481483029738,0
10441,2021-03-29,0.0229660174338923,0.02634847318416823,0
10442,2021-03-30,0.0197893707331917,0.026169653571774212,0
10443,2021-03-31,0.0320975832754828,0.025944631367562247,0
10444,2021-04-01,0.0318492460741251,0.02567439165655519,0
10445,2021-04-02,0.0316371247146321,0.025360286215626575,0
10446,2021-04-03,0.0300488013642818,0.02500401843570976,0
10447,2021-04-04,0.0284449569388466,0.024607622751674465,0
10448,2021-04-05,0.0214759942257461,0.024173438639476373,0
10449,2021-04-06,0.018682200710472,0.02370407943041945,0
10450,2021-04-07,0.0270635812562944,0.0232023964128464,0
10451,2021-04-08,0.027974150994606,0.022671438922647662,0
10452,2021-04-09,0.025811547866116,0.022114411342944174,0
10453,2021-04-10,0.0255683843564532,0.02153462811697265,0
10454,2021-04-11,0.0222986112052435,0.020935468005638662,0
10455,2021-04-12,0.0170835299767318,0.020320328876216386,0
10456,2021-04-13,0.0120184858073737,0.019692584281882527,0
10457,2021-04-14,0.020089444851499,0.01905554298192565,0
10458,2021-04-15,0.0210879673486247,0.018412412366881098,0
10459,2021-04-16,0.0199290604089554,0.017766266506840767,0
10460,2021-04-17,0.0168869296923236,0.01712001925665721,0
10461,2021-04-18,0.0179734049482636,0.016476402554855482,0
10462,2021-04-19,0.0117184116890665,0.015837949771379752,0
10463,2021-04-20,0.0091470869166753,0.015206983718805515,0
10464,2021-04-21,0.0151640903579046,0.014585608763739365,0
10465,2021-04-22,0.015552117235026,0.013975706374156687,0
10466,2021-04-23,0.0154641644762118,0.013378933420011983,0
10467,2021-04-24,0.0130532241463641,0.012796722604802763,0
10468,2021-04-25,0.0113872954205895,0.012230284532112438,0
10469,2021-04-26,0.0079778325936161,0.011680611083279861,0
10470,2021-04-27,0.0064981567688598,0.011148479975003756,0
10471,2021-04-28,0.0104456835321082,0.010634460551680092,0
10472,2021-04-29,0.0115890693966927,0.010138921020720183,0
10473,2021-04-30,0.0095713296356613,0.009662037438615581,0
10474,2021-05-01,0.0084641596129416,0.009203804786775491,0
10475,2021-05-02,0.0067620150453023,0.008764050433597076,0
10476,2021-05-03,0.0056031081056331,0.008342450166636118,0
10477,2021-05-04,0.0035284577359573,0.0079385468087165,0
10478,2021-05-05,0.0051426495447823,0.007551771224089971,0
10479,2021-05-06,0.008091653810905,0.007181465299707788,0
10480,2021-05-07,0.0084434648461618,0.0068269062782775536,0
10481,2021-05-08,0.0073569895902218,0.006487331648495583,0
10482,2021-05-09,0.0067516676619124,0.0061619636837034605,0
10483,2021-05-10,0.0044338537825739,0.00585003267662112,0
10484,2021-05-11,0.0032076888508703,0.005550797950200545,0
10485,2021-05-12,0.0059807875993646,0.005263565830205959,0
10486,2021-05-13,0.0048115332763054,0.00498770393348556,0
10487,2021-05-14,0.0049305281852893,0.0047226513406987665,0
10488,2021-05-15,0.004320032565285,0.004467924463330174,0
10489,2021-05-16,0.00377162124562,0.00422311866062869,0
10490,2021-05-17,0.0029231358076479,0.0039879058921822915,0
10491,2021-05-18,0.0020280871444212,0.003762028888816245,0
10492,2021-05-19,0.0035232840442623,0.003545292475637672,0
10493,2021-05-20,0.0036578000283311,0.003337552779004013,0
10494,2021-05-21,0.0031973414674803,0.00313870509212887,0
10495,2021-05-22,0.0025040667803568,0.0029486711650701944,0
10496,2021-05-23,0.0023540297212032,0.002767386631019884,0
10497,2021-05-24,0.0015883233503502,0.0025947891918074745,0
10498,2021-05-25,0.0011899490898389,0.0024308080722780664,0
10499,2021-05-26,0.0019711765357767,0.0022753551266358795,0
10500,2021-05-27,0.0019608291523868,0.0021283178498750313,0
10501,2021-05-28,0.0015883233503502,0.0019895544222672847,0
10502,2021-05-29,0.0016607550340796,0.0018588908007325078,0
10503,2021-05-30,0.0013710282991623,0.0017361197719205723,0
10504,2021-05-31,0.0008174432878024,0.0016210018002907436,0
10505,2021-06-01,0.0007915748293276,0.0015132674412253824,0
10506,2021-06-02,0.0012468596984834,0.0014126210440466907,0
10507,2021-06-03,0.0008484854379721,0.0013187454418426105,0
10508,2021-06-04,0.0010140435722106,0.0012313073130157154,0
10509,2021-06-05,0.0011640806313642,0.0011499629020459996,0
10510,2021-06-06,0.0009260908133964,0.0010743638026192576,0
10511,2021-06-07,0.0006260166950892,0.0010041625334405572,0
10512,2021-06-08,0.0004604585608507,0.000939017673997991,0
10513,2021-06-09,0.0010450857223803,0.0008785983723101485,0
10514,2021-06-10,0.0007243168372932,0.0008225880870485526,0
10515,2021-06-11,0.0006881009954286,0.0007706874798615729,0
10516,2021-06-12,0.00053289024458,0.0007226164275094411,0
10517,2021-06-13,0.0006570588452589,0.000678115174727754,0
10518,2021-06-14,0.0003569847269516,0.0006369446948258202,0
10519,2021-06-15,0.0002586845847476,0.0005988863634328517,0
10520,2021-06-16,0.00053289024458,0.0005637410795461738,0
10521,2021-06-17,0.000538063936275,0.0005313279857813264,0
10522,2021-06-18,0.0004501111774608,0.0005014829459196016,0
10523,2021-06-19,0.0003621584186466,0.00047405693276905063,0
10524,2021-06-20,0.0003259425767819,0.0004489144640830574,0
10525,2021-06-21,0.0002742056598324,0.00042593220060977224,0
10526,2021-06-22,0.0001345159840687,0.0004049977906186283,0
10527,2021-06-23,0.000212121359493,0.00038600901214782087,0
10528,2021-06-24,0.0003414636518668,0.0003688732305219357,0
10529,2021-06-25,0.0003518110352567,0.00035350715704789035,0
10530,2021-06-26,0.0003362899601718,0.00033983686750259866,0
10531,2021-06-27,0.000320768885087,0.00032779801784281,0
10532,2021-06-28,0.0002379898179677,0.0003173361806201021,0
10533,2021-06-29,0.0001914265927132,0.000308407219306863,0
10534,2021-06-30,0.0003776794937315,0.0003009776189001948,0
10535,2021-07-01,0.0002690319681375,0.0002950246989555774,0
10536,2021-07-02,0.0001603844425435,0.0002905366483479507,0
10537,2021-07-03,0.0001914265927132,0.0002875123380185566,0
10538,2021-07-04,0.0003000741183072,0.00028596088708790555,0
10539,2021-07-05,0.0001707318259334,0.0002859009774030471,1
10540,2021-07-06,0.0001448633674586,0.0002873599304403586,0
10541,2021-07-07,0.0002638582764425,0.00029037257739301643,0
10542,2021-07-08,0.0003104215016971,0.00029497996746192953,0
10543,2021-07-09,0.0001552107508485,0.0003012279704025518,0
10544,2021-07-10,0.0002793793515274,0.00030916583711270405,0
10545,2021-07-11,0.0001862529010182,0.0003188447865540681,0
10546,2021-07-12,0.0001345159840687,0.00033031668879291153,0
10547,2021-07-13,0.0002017739761031,0.0003436329126856723,0
10548,2021-07-14,0.0002638582764425,0.00035884340296846233,0
10549,2021-07-15,0.0004087216439012,0.00037599604542689816,0
10550,2021-07-16,0.000320768885087,0.0003951363705510014,0
10551,2021-07-17,0.0003725058020365,0.0004163076357057487,0
10552,2021-07-18,0.0002535108930526,0.0004395513134648762,0
10553,2021-07-19,0.0002276424345778,0.00046490799952598317,0
10554,2021-07-20,0.0002379898179677,0.0004924187378418782,0
10555,2021-07-21,0.0004915007110204,0.0005221267437399358,0
10556,2021-07-22,0.0005277165528851,0.000554079488537762,0
10557,2021-07-23,0.0004035479522062,0.0005883310923798303,0
10558,2021-07-24,0.000538063936275,0.0006249449567563421,0
10559,2021-07-25,0.0006518851535639,0.0006639965555503283,0
10560,2021-07-26,0.0005639323947497,0.0007055762946102524,0
10561,2021-07-27,0.0004345901023759,0.0007497923457600521,0
10562,2021-07-28,0.0009053960466166,0.0007967733626006109,0
10563,2021-07-29,0.0008226169794973,0.0008466709928587709,0
10564,2021-07-30,0.0008795275881418,0.0008996621154322994,0
10565,2021-07-31,0.0007915748293276,0.0009559507492556605,0
10566,2021-08-01,0.0008070959044125,0.0010157696048394246,0
10567,2021-08-02,0.0007864011376327,0.0010793812766116521,0
10568,2021-08-03,0.0007087957622084,0.001147079103532396,0
10569,2021-08-04,0.0012054701649238,0.0012191877552318682,0
10570,2021-08-05,0.001402070449332,0.0012960636294981455,0
10571,2021-08-06,0.0012623807735683,0.0013780951727980187,0
10572,2021-08-07,0.0011899490898389,0.0014657032573810011,0
10573,2021-08-08,0.0013192913822127,0.0015593417654282443,0
10574,2021-08-09,0.00107612787255,0.0016594985420254518,0
10575,2021-08-10,0.0009364381967863,0.0017666968840974212,0
10576,2021-08-11,0.001614191808825,0.0018814977316451845,0
10577,2021-08-12,0.0016866234925543,0.0020045027204991348,0
10578,2021-08-13,0.0019194396188272,0.002136358242026701,0
10579,2021-08-14,0.0019815239191666,0.002277760634216695,0
10580,2021-08-15,0.0021108662115404,0.0024294625993586012,0
10581,2021-08-16,0.0016711024174695,0.002592280904872938,0
10582,2021-08-17,0.0014796758247563,0.002767105374285246,0
10583,2021-08-18,0.0028144882820539,0.002954909113539821,0
10584,2021-08-19,0.002798967206969,0.003156759842998093,0
10585,2021-08-20,0.0030783465584965,0.0033738321177132894,0
10586,2021-08-21,0.0032490783844299,0.0036074201195084106,0
10587,2021-08-22,0.0030576517917166,0.0038589505974105875,0
10588,2021-08-23,0.0026747986062902,0.004129995423517496,0
10589,2021-08-24,0.0021470820534051,0.004422283126729783,0
10590,2021-08-25,0.0040458269054525,0.004737708675864127,0
10591,2021-08-26,0.0043924642490143,0.005078340716185493,0
10592,2021-08-27,0.0049305281852893,0.005446425428922931,0
10593,2021-08-28,0.0048943123434246,0.005844386190072732,0
10594,2021-08-29,0.0052512970703763,0.006274818258389659,0
10595,2021-08-30,0.0044907643912184,0.006740477824914507,0
10596,2021-08-31,0.0036164104947715,0.0072442649052772935,0
10597,2021-09-01,0.0067930571954721,0.007789199744288211,0
10598,2021-09-02,0.0074656371158158,0.008378392618623685,0
10599,2021-09-03,0.0076053267915795,0.009015007153078448,0
10600,2021-09-04,0.0078640113763271,0.009702217492518128,0
10601,2021-09-05,0.0081123485776848,0.010443159879244417,0
10602,2021-09-06,0.0064257250851305,0.011240879360322304,0
10603,2021-09-07,0.0053547709042754,0.012098272482287847,0
10604,2021-09-08,0.0105181152158376,0.013018026918247858,0
10605,2021-09-09,0.0107561050338054,0.014002559018022186,0
10606,2021-09-10,0.0115166377129633,0.015053950285320212,0
10607,2021-09-11,0.0130377030712792,0.016173883781608764,0
10608,2021-09-12,0.0136999356082331,0.017363581451556954,0
10609,2021-09-13,0.0116666747721169,0.018623743376518738,0
10610,2021-09-14,0.0095661559439664,0.019954490003390467,0
10611,2021-09-15,0.0203274346694668,0.021355308472315374,0
10612,2021-09-16,0.0207154615465882,0.022825004274653896,0
10613,2021-09-17,0.0229763648172822,0.024361659598391452,0
10614,2021-09-18,0.0231677914099955,0.02596259983761398,0
10615,2021-09-19,0.0278758508524019,0.027624369823862897,0
10616,2021-09-20,0.0197479811996321,0.02934272134410359,0
10617,2021-09-21,0.0172904776445299,0.031112613407853117,0
10618,2021-09-22,0.0351241929170298,0.032928226486793874,0
10619,2021-09-23,0.0364486579909375,0.034782991558601185,0
10620,2021-09-24,0.0367073425756851,0.036669634244606494,0
10621,2021-09-25,0.0368159901012791,0.038580233660232284,0
10622,2021-09-26,0.0397132574504523,0.04050629484026202,0
10623,2021-09-27,0.0327649895041316,0.042438832818446376,0
10624,2021-09-28,0.0292572265349541,0.044368465706197534,0
10625,2021-09-29,0.0571641195375257,0.04628551350727184,0
10626,2021-09-30,0.0560103862895514,0.04818009900006917,0
10627,2021-10-01,0.0622498584736636,0.050042246879279856,0
10628,2021-10-02,0.0563259814829435,0.05186197751517131,0
10629,2021-10-03,0.0651367784394469,0.053629392174262665,0
10630,2021-10-04,0.0449179912955741,0.05533474732918175,0
10631,2021-10-05,0.0429002515345428,0.056968516714600834,0
10632,2021-10-06,0.0777968020169947,0.058521440976873534,0
10633,2021-10-07,0.0762809103503737,0.059984566011044,0
10634,2021-10-08,0.074847797750872,0.06134927226110346,0
10635,2021-10-09,0.0716763247418664,0.06260729825769029,0
10636,2021-10-10,0.0725299838715335,0.06375076237358784,0
10637,2021-10-11,0.0538063936275018,0.06477218710671137,0
10638,2021-10-12,0.0473289316254218,0.06566453010148882,0
10639,2021-10-13,0.086623120048583,0.06642122558113901,0
10640,2021-10-14,0.0813976914366814,0.06703623891609657,0
10641,2021-10-15,0.0847605910384002,0.06750413576878601,0
10642,2021-10-16,0.0818891921477018,0.06782016573737702,0
10643,2021-10-17,0.078841887739375,0.06798035880082548,0
10644,2021-10-18,0.0597354443099169,0.06798163128647547,0
10645,2021-10-19,0.0524664074785092,0.06782189668060619,0
10646,2021-10-20,0.0975913464418815,0.06750017550781899,0
10647,2021-10-21,0.0887702021019881,0.0670166978169039,0
10648,2021-10-22,0.0833481732056783,0.06637299159303246,0
10649,2021-10-23,0.0797265890192118,0.06557195069184465,0
10650,2021-10-24,0.078955708956664,0.06461787664059618,0
10651,2021-10-25,0.0606615351233133,0.06351648981534493,0
10652,2021-10-26,0.0475307056015249,0.06227490698793862,0
10653,2021-10-27,0.0867369412658719,0.06090158392498812,0
10654,2021-10-28,0.0773466908395339,0.05940622348316363,0
10655,2021-10-29,0.0682772092982828,0.05779965135081595,0
10656,2021-10-30,0.0645366302028325,0.05609366311635549,0
10657,2021-10-31,0.0626327116590901,0.054300847601807874,0
10658,2021-11-01,0.0384094871433244,0.052434392317229205,0
10659,2021-11-02,0.0361796260228,0.05050787743291056,0
10660,2021-11-03,0.0572882881382046,0.048535064829671216,0
10661,2021-11-04,0.0527509605217316,0.046529688601602524,0
10662,2021-11-05,0.0464131881954153,0.0445052529034694,0
10663,2021-11-06,0.0427760829338639,0.042474842326247896,0
10664,2021-11-07,0.041684433986229,0.04045094912624214,0
10665,2021-11-08,0.0273843501413814,0.038445320701979466,0
10666,2021-11-09,0.0220140581620211,0.03646882977599123,0
10667,2021-11-10,0.0392631462729914,0.03453136884873859,0
10668,2021-11-11,0.0325476944529436,0.03264176968518627,0
10669,2021-11-12,0.0280207142198605,0.030807747889176867,0
10670,2021-11-13,0.0250613625703479,0.029035872019741612,0
10671,2021-11-14,0.0207258089299781,0.027331556198338932,0
10672,2021-11-15,0.0156297226104503,0.025699074731932624,0
10673,2021-11-16,0.0110510054604176,0.024141596917833928,0
10674,2021-11-17,0.0213569993167622,0.022661239889670778,0
10675,2021-11-18,0.0182890001416556,0.021259137103421644,0
10676,2021-11-19,0.0159142756536726,0.01993551984953463,0
10677,2021-11-20,0.0149467953067166,0.018689809020182163,0
10678,2021-11-21,0.0139534465012858,0.017520714272967922,0
10679,2021-11-22,0.0100162671214272,0.016426337728694215,0
10680,2021-11-23,0.0080192221271757,0.01540427943360495,0
10681,2021-11-24,0.0141552204773889,0.014451742012479604,0
10682,2021-11-25,0.014465641979086,0.013565632236201778,0
10683,2021-11-26,0.0108854473261792,0.012742657614276719,0
10684,2021-11-27,0.0101300883387162,0.011979416577967809,0
10685,2021-11-28,0.0089349655571822,0.011272481314165271,0
10686,2021-11-29,0.007124173463949,0.010618472809780604,0
10687,2021-11-30,0.0056703660976675,0.010014128136082653,0
10688,2021-12-01,0.0083917279292123,0.009456360409145513,0
10689,2021-12-02,0.0059031822239403,0.008942312179487329,0
10690,2021-12-03,0.0059445717574999,0.008469403212386862,0
10691,2021-12-04,0.0086555862056548,0.008035373711288301,0
10692,2021-12-05,0.0077088006254786,0.00763832401098096,0
10693,2021-12-06,0.0047391015925761,0.007276751634608224,0
10694,2021-12-07,0.0041544744310465,0.006949586385952432,0
10695,2021-12-08,0.0073518158985269,0.006656223857878266,0
10696,2021-12-09,0.0066171516778437,0.006396557404255686,0
10697,2021-12-10,0.0053392498291905,0.006171008272167436,0
10698,2021-12-11,0.0048167069680004,0.005980553249466317,0
10699,2021-12-12,0.0048167069680004,0.005826748874306973,0
10700,2021-12-13,0.0037043632535857,0.005711751000932362,1
10701,2021-12-14,0.0025558036973063,0.005638328340452852,0
10702,2021-12-15,0.0048943123434246,0.005609868514748289,0
10703,2021-12-16,0.0042889904151152,0.005630375190666247,0
10704,2021-12-17,0.0042010376563011,0.00570445501033731,0
10705,2021-12-18,0.0038440529293494,0.005837293305045599,0
10706,2021-12-19,0.0037923160123998,0.006034617969339694,0
10707,2021-12-20,0.002581672155781,0.006302651362863996,0
10708,2021-12-21,0.0021936452786596,0.006648050671444533,0
10709,2021-12-22,0.0042734693400304,0.00707783775540594,0
10710,2021-12-23,0.0044028116324042,0.007599320089669496,0
10711,2021-12-24,0.0040096110635878,0.008220004896297024,0
10712,2021-12-25,0.0037095369452806,0.008947508921862204,0
10713,2021-12-26,0.0030938676335813,0.009789466458700304,0
10714,2021-12-27,0.0018056184015382,0.0107534381010829,0
10715,2021-12-28,0.0029283094993428,0.0118468223340504,0
10716,2021-12-29,0.0059187032990252,0.013076771369539652,0
10717,2021-12-30,0.0065757621442841,0.014450111698541705,0
10718,2021-12-31,0.0077450164673432,0.015973268680156083,0
10719,2022-01-01,0.0084845469847049,0.017652193232100842,0
10720,2022-01-02,0.007380742011275,0.019492287443601625,0
10721,2022-01-03,0.0048730191914552,0.021498324840403222,0
10722,2022-01-04,0.0089321729647133,0.023674360239300554,0
10723,2022-01-05,0.0198379695685546,0.026023623774830737,0
10724,2022-01-06,0.0248890218202405,0.0285483938797856,0
10725,2022-01-07,0.0306115130419389,0.031249844833433467,0
10726,2022-01-08,0.0301231937910207,0.034127865987613956,0
10727,2022-01-09,0.0307030729014861,0.03718085191519507,0
10728,2022-01-10,0.023968336565905,0.04040546541131061,0
10729,2022-01-11,0.020875647976756,0.043796378369968685,0
10730,2022-01-12,0.0450728841915289,0.047345998859527186,0
10731,2022-01-13,0.0437452662280949,0.051044195992113336,0
10732,2022-01-14,0.0497729569816173,0.054878037161407614,0
10733,2022-01-15,0.0502765362091267,0.058831554641243775,0
10734,2022-01-16,0.051181961486871,0.0628855601393897,0
10735,2022-01-17,0.0386331740700443,0.06701752646691725,0
10736,2022-01-18,0.0412934966557761,0.07120155484870223,0
10737,2022-01-19,0.0852524025561478,0.07540844447162195,0
10738,2022-01-20,0.084489403726588,0.07960587763573632,0
10739,2022-01-21,0.0971806175915992,0.08375872942490577,0
10740,2022-01-22,0.0999477600134694,0.08782950532625403,0
10741,2022-01-23,0.0985336688493519,0.09177890397113388,0
10742,2022-01-24,0.0716608500722559,0.09556649548867104,0
10743,2022-01-25,0.0614570123916096,0.09915149925786086,0
10744,2022-01-26,0.1001308797325638,0.10249363854722825,0
10745,2022-01-27,0.1742434993771386,0.10555404407358429,0
10746,2022-01-28,0.16116061277962,0.10829617429157729,0
10747,2022-01-29,0.161369165793033,0.11068671757613428,0
10748,2022-01-30,0.153454324601066,0.11269644061875612,0
10749,2022-01-31,0.1000444065318803,0.11430094844745982,0
10750,2022-02-01,0.1023995295857882,0.11548132449027759,0
10751,2022-02-02,0.2035579144088259,0.11622462389185202,0
10752,2022-02-03,0.1821125606393319,0.1165241995952304,0
10753,2022-02-04,0.1661862317369871,0.11637984814398579,0
10754,2022-02-05,0.161633672053947,0.11579777029279159,0
10755,2022-02-06,0.1471112609979923,0.11479034984335634,0
10756,2022-02-07,0.0819359009769945,0.11337576214668668,0
10757,2022-02-08,0.0862595610111667,0.1115774309623417,0
10758,2022-02-09,0.1844880303286948,0.10942335843532067,0
10759,2022-02-10,0.1390997732876144,0.10694535752749787,0
10760,2022-02-11,0.1346235134875303,0.1041782191189939,0
10761,2022-02-12,0.1156553625846738,0.10115884709038825,0
10762,2022-02-13,0.0953799403538381,0.09792539404233515,0
10763,2022-02-14,0.0608720466222804,0.09451642804676716,0
10764,2022-02-15,0.0613908858263811,0.0909701571870502,0
10765,2022-02-16,0.1113215292327741,0.087323733936155,0
10766,2022-02-17,0.0887469371955316,0.08361265598887595,0
10767,2022-02-18,0.0782022933710153,0.07987027437029878,0
10768,2022-02-19,0.0738786333368431,0.07612741384379175,0
10769,2022-02-20,0.0626625505423141,0.07241210516265957,0
10770,2022-02-21,0.0391011466855076,0.06874942382605655,0
10771,2022-02-22,0.0391367532975537,0.06516142592537587,0
10772,2022-02-23,0.0751553847116398,0.06166716854595907,0
10773,2022-02-24,0.0583795837790518,0.05828280009272856,0
10774,2022-02-25,0.0546764961262549,0.0550217048408113,0
10775,2022-02-26,0.0456476766431307,0.05189468591581671,0
10776,2022-02-27,0.0365781638890965,0.04891017167511391,0
10777,2022-02-28,0.0216030401942696,0.04607443194535387,0
10778,2022-03-01,0.0241972362147729,0.043391792602387375,0
10779,2022-03-02,0.0430382206460362,0.04086483937619847,0
10780,2022-03-03,0.0347520533570168,0.038494604344717194,0
10781,2022-03-04,0.0302808802157964,0.03628073117626985,0
10782,2022-03-05,0.0284954629546264,0.03422161763929194,0
10783,2022-03-06,0.0246041689238715,0.03231453609208257,0
10784,2022-03-07,0.0157279492066592,0.030555734494617896,0
10785,2022-03-08,0.0162162684575775,0.0289405218777909,0
10786,2022-03-09,0.0277782440548402,0.027463343121574044,0
10787,2022-03-10,0.0212418874149447,0.026117848320181825,0
10788,2022-03-11,0.0181339388492044,0.024896961964584376,0
10789,2022-03-12,0.0151277234607388,0.02379295669133708,0
10790,2022-03-13,0.0139527052632167,0.022797535494777654,0
10791,2022-03-14,0.0082709073124281,0.021901925159066728,0
10792,2022-03-15,0.0106158570486086,0.02109698233323216,0
10793,2022-03-16,0.0246906421245549,0.02037331225071754,0
10794,2022-03-17,0.0199040961337831,0.019721398691455505,0
10795,2022-03-18,0.020514495197431,0.019131742501045053,0
10796,2022-03-19,0.0190698840801311,0.018595004908630603,0
10797,2022-03-20,0.0161145352803028,0.01810215109535406,0
10798,2022-03-21,0.0113992025136233,0.017644589008950967,0
10799,2022-03-22,0.0113737692193046,0.01721429832143382,0
10800,2022-03-23,0.0261454265595823,0.01680394468296567,0
10801,2022-03-24,0.0229967847229322,0.01640697500699028,0
10802,2022-03-25,0.0207942614349362,0.01601769037755643,0
10803,2022-03-26,0.0189478042674015,0.01563129422977356,0
10804,2022-03-27,0.0157686424775691,0.0152439146371272,0
10805,2022-03-28,0.0098630315367762,0.01485260075907415,0
10806,2022-03-29,0.009924071443141,0.014455294675452509,0
10807,2022-03-30,0.0217505533013179,0.014050780886029561,0
10808,2022-03-31,0.0182254987087516,0.013638616623063793,0
10809,2022-04-01,0.0151175501430114,0.013219046768582403,0
10810,2022-04-02,0.014858130540961,0.012792907561946298,0
10811,2022-04-03,0.0110583963697533,0.012361523422381974,0
10812,2022-04-04,0.0072688355162729,0.011926601108732096,0
10813,2022-04-05,0.0067754296064909,0.01149012512335191,0
10814,2022-04-06,0.0154990495577913,0.0110542577793815,0
10815,2022-04-07,0.0118010485638581,0.010621246738919598,0
10816,2022-04-08,0.0100919311856442,0.01019334214590393,0
10817,2022-04-09,0.0086930999981179,0.009772724773310081,0
10818,2022-04-10,0.007380742011275,0.00936144592704647,0
10819,2022-04-11,0.0046390328837235,0.008961379238900731,0
10820,2022-04-12,0.005218911994189,0.00857418396884695,0
10821,2022-04-13,0.0105141238713339,0.008201279042769903,0
10822,2022-04-14,0.0081488274996986,0.007843826783506562,0
10823,2022-04-15,0.0075129951417321,0.007502725148191979,0
10824,2022-04-16,0.0063837568739836,0.007178607250418796,0
10825,2022-04-17,0.0053206451714636,0.006871847000890307,0
10826,2022-04-18,0.002960435458692,0.00658256981887055,0
10827,2022-04-19,0.0034894479805201,0.006310667520162193,0
10828,2022-04-20,0.0077520681083275,0.006055816647540575,0
10829,2022-04-21,0.0056309313621512,0.005817499652015031,0
10830,2022-04-22,0.005407118372147,0.005595028439378006,0
10831,2022-04-23,0.0049544057332749,0.00538756985525518,0
10832,2022-04-24,0.0028790489168722,0.0051941726906841795,0
10833,2022-04-25,0.0025128094786835,0.005013795754666095,0
10834,2022-04-26,0.0016328174952579,0.004845336492618127,0
10835,2022-04-27,0.0036827410173419,0.004687659547558253,0
10836,2022-04-28,0.0074468685765036,0.004539624583813014,0
10837,2022-04-29,0.0058293110578368,0.0044001126401649925,0
10838,2022-04-30,0.0051680454055516,0.004268050266556637,0
10839,2022-05-01,0.0045118664121302,0.004142430736281922,0
10840,2022-05-02,0.0025026361609561,0.004022331717810771,0
10841,2022-05-03,0.0026857558800504,0.003906928933587458,0
10842,2022-05-04,0.0056767112919248,0.003795505517249593,0
10843,2022-05-05,0.0042270135157612,0.0036874569904136794,0
10844,2022-05-06,0.0034843613216563,0.003582291996980505,0
10845,2022-05-07,0.0037132609705243,0.0034796291375845546,0
10846,2022-05-08,0.0030011287296018,0.003379190421755011,0
10847,2022-05-09,0.0016785974250315,0.0032807919867139084,0
10848,2022-05-10,0.0019583636625368,0.0031843328108688567,0
10849,2022-05-11,0.0041303669973503,0.0030897821742623464,0
10850,2022-05-12,0.003586094498931,0.0029971665906683353,0
10851,2022-05-13,0.0030621686359666,0.0029065568648566067,0
10852,2022-05-14,0.0029909554118743,0.002818055825580107,0
10853,2022-05-15,0.0026450626091406,0.0027317871637736356,0
10854,2022-05-16,0.0014344377995724,0.0026478856800519575,0
10855,2022-05-17,0.0016379041541216,0.002566489128057263,0
10856,2022-05-18,0.0034640146862014,0.0024877317398747326,0
10857,2022-05-19,0.0026094559970945,0.002411739442322144,0
10858,2022-05-20,0.0023754696893628,0.002338626720267795,0
10859,2022-05-21,0.0024619428900462,0.0022684950534973243,0
10860,2022-05-22,0.0016277308363942,0.0022014328424169935,0
10861,2022-05-23,0.0009766385018365,0.00213751673856379,0
10862,2022-05-24,0.0011902781741132,0.0020768143012893443,0
10863,2022-05-25,0.0024975495020923,0.0020193879053166594,0
10864,2022-05-26,0.0022076099468596,0.0019652998197814413,0
10865,2022-05-27,0.0019380170270818,0.0019146183646844418,0
10866,2022-05-28,0.0021720033348135,0.0018674250248304064,0
10867,2022-05-29,0.0015005643648009,0.0018238223664384969,0
10868,2022-05-30,0.0010325917493375,0.0017839425622219844,0
10869,2022-05-31,0.0009562918663816,0.0017479562932101356,0
10870,2022-06-01,0.0024975495020923,0.0017160817672195702,0
10871,2022-06-02,0.0015259976591195,0.0016885935818471117,1
10872,2022-06-03,0.0009257719131992,0.0016658311700479902,0
10873,2022-06-04,0.0020550101809477,0.0016482066023010469,0
10874,2022-06-05,0.0015819509066206,0.0016362115812650559,0
10875,2022-06-06,0.0008189520770608,0.0016304235490141022,0
10876,2022-06-07,0.0010834583379749,0.001631510925658519,0
10877,2022-06-08,0.0020550101809477,0.0016402375999685001,0
10878,2022-06-09,0.0018617171441259,0.0016574668833082265,0
10879,2022-06-10,0.0017345506725326,0.0016841652022327926,0
10880,2022-06-11,0.0019787102979917,0.0017214058275274195,0
10881,2022-06-12,0.0013784845520713,0.0017703729059683924,0
10882,2022-06-13,0.0008545586891069,0.0018323659681058707,0
10883,2022-06-14,0.0008799919834256,0.0019088049299304053,0
10884,2022-06-15,0.0,0.002001235395230853,0
10885,2022-06-16,0.0,0.002111333813892188,0
10886,2022-06-17,0.0,0.002240911782159006,0
10887,2022-06-18,0.0,0.002391918512990213,0
10888,2022-06-19,0.0,0.002566440290596559,0
10889,2022-06-20,0.0132710929754767,0.002766695585791256,0
10890,2022-06-21,0.0,0.00299502447686569,0
10891,2022-06-22,0.0,0.0032538711155840243,0
10892,2022-06-23,0.0,0.0035457582095397935,0
10893,2022-06-24,0.0,0.0038732528565408883,0
10894,2022-06-25,0.0,0.00423892354462778,0
10895,2022-06-26,0.0,0.0046452886886729884,0
10896,2022-06-27,0.0202143823244708,0.005094757664613702,0
10897,2022-06-28,0.0,0.005589565870240194,0
10898,2022-06-29,0.0,0.0061317058295138486,0
10899,2022-06-30,0.0,0.006722856712221302,0
10900,2022-07-01,0.0,0.007364314820203548,0
10901,2022-07-02,0.0,0.008056927570817182,0
10902,2022-07-03,0.0,0.008801033285356502,0
10903,2022-07-04,0.0392995263811931,0.009596408687044545,0
10904,2022-07-05,0.0,0.010442225475620147,0
10905,2022-07-06,0.0,0.011337016738551125,0
10906,2022-07-07,0.0,0.012278653359472785,0
10907,2022-07-08,0.0,0.013264330071758902,0
10908,2022-07-09,0.0,0.014290560449613238,0
10909,2022-07-10,0.0,0.015353179981805043,0
10910,2022-07-11,0.0760099434007468,0.016447356457194043,0
10911,2022-07-12,0.0,0.017567607196161888,0
10912,2022-07-13,0.020570448444932,0.018707823143397265,0
10913,2022-07-14,0.0192123105283156,0.019861300420341652,0
10914,2022-07-15,0.0203110288428817,0.021020780523576022,0
10915,2022-07-16,0.0208909079533472,0.022178500842799903,0
10916,2022-07-17,0.0189121976553554,0.023326257458129204,0
10917,2022-07-18,0.0110126164399797,0.024455482179891068,0
10918,2022-07-19,0.0167249343439507,0.025557335465253624,0
10919,2022-07-20,0.0389536335784594,0.026622816175281117,0
10920,2022-07-21,0.034482460437239,0.02764288815699432,0
10921,2022-07-22,0.0362627910395452,0.028608622422123788,0
10922,2022-07-23,0.0375904090029792,0.029511352354659022,0
10923,2022-07-24,0.032981896072438,0.03034283804077292,0
10924,2022-07-25,0.0208247813881186,0.031095434610758386,0
10925,2022-07-26,0.0252043946697919,0.03176225853719269,0
10926,2022-07-27,0.062835496943681,0.03233734524724823,0
10927,2022-07-28,0.0498594301823007,0.032815791246655006,0
10928,2022-07-29,0.0475043071283928,0.03319387424521518,0
10929,2022-07-30,0.044920284425617,0.033469145504972576,0
10930,2022-07-31,0.0383127145616291,0.03364048975082228,0
10931,2022-08-01,0.0207484815051627,0.033708149408181856,0
10932,2022-08-02,0.0264607994091337,0.033673711561775704,0
10933,2022-08-03,0.0594935620702091,0.03354005775245973,0
10934,2022-08-04,0.0463191156131433,0.03331127843473726,0
10935,2022-08-05,0.0438317394287783,0.03299255550461361,0
10936,2022-08-06,0.0394979060768787,0.032590017689308,0
10937,2022-08-07,0.0327631697412976,0.03211057469950328,0
10938,2022-08-08,0.017894865882609,0.03156173683385594,0
10939,2022-08-09,0.0238513434120392,0.030951427166829436,0
10940,2022-08-10,0.0501748030318521,0.030287793535416628,0
10941,2022-08-11,0.0371987362704719,0.029579027275555295,0
10942,2022-08-12,0.0329055961894821,0.02883319506763883,0
10943,2022-08-13,0.0290448221119095,0.02805808936882637,0
10944,2022-08-14,0.0238259101177205,0.02726110178681475,0
10945,2022-08-15,0.0134847326477534,0.026449122445749484,0
10946,2022-08-16,0.0114653290788518,0.025628466980256337,0
10947,2022-08-17,0.018311971909435,0.02480483134577389,0
10948,2022-08-18,0.0381499414779897,0.023983273233917562,0
10949,2022-08-19,0.0279003238675698,0.02316821761120764,0
10950,2022-08-20,0.0246906421245549,0.022363482832690896,0
10951,2022-08-21,0.019659936508324,0.021572322981455325,0
10952,2022-08-22,0.0105039505536065,0.0207974815962544,0
10953,2022-08-23,0.0132202263868393,0.020041251796421803,0
10954,2022-08-24,0.0287854025098592,0.01930553799590817,0
10955,2022-08-25,0.0201584290769697,0.01859191489197946,0
10956,2022-08-26,0.0185663048526216,0.017901680171400924,0
10957,2022-08-27,0.0168826207687264,0.01723589833123017,0
10958,2022-08-28,0.0138255387916234,0.0165954340824396,0
10959,2022-08-29,0.0071365823858159,0.015980974905121154,0
10960,2022-08-30,0.0096900851354094,0.015393043366479175,0
10961,2022-08-31,0.0205806217626595,0.01483200071640909,0
10962,2022-09-01,0.0157533825009779,0.014298043972488789,0
10963,2022-09-02,0.013377912811615,0.013791199147470776,0
10964,2022-09-03,0.0121978079552292,0.01331131343135987,0
10965,2022-09-04,0.0092831524263108,0.012858049015774302,0
10966,2022-09-05,0.004990012345321,0.012430880865522334,0
10967,2022-09-06,0.0059819108237487,0.012029100150712927,0
10968,2022-09-07,0.0146292308920931,0.011651824322024683,0
10969,2022-09-08,0.011327989289531,0.011298014024960145,0
10970,2022-09-09,0.0104785172592878,0.010966496292885333,0
10971,2022-09-10,0.010493777235879,0.010655992813614474,0
10972,2022-09-11,0.009166159272445,0.010365151593631414,0
10973,2022-09-12,0.0046085129305411,0.010092580086295332,0
10974,2022-09-13,0.0074977351651409,0.00983687781508344,0
10975,2022-09-14,0.0158398557016613,0.009596666691050047,0
10976,2022-09-15,0.0114653290788518,0.009370617552703351,0
10977,2022-09-16,0.0100105446438245,0.009157471888878605,0
10978,2022-09-17,0.0091610726135812,0.008956058178439603,0
10979,2022-09-18,0.0073960019878662,0.008765302736944515,0
10980,2022-09-19,0.0036573077230232,0.00858423535399366,0
10981,2022-09-20,0.0049187991212288,0.008411990306283678,0
10982,2022-09-21,0.0117145753631747,0.008247803527888533,0
10983,2022-09-22,0.008367553830839,0.00809100681341906,0
10984,2022-09-23,0.0067703429476272,0.007941019935066285,0
10985,2022-09-24,0.0062413304257991,0.007797341491290931,0
10986,2022-09-25,0.0053867717366921,0.007659539195567243,0
10987,2022-09-26,0.0022330432411783,0.007527240179498509,0
10988,2022-09-27,0.0043541799873545,0.007400121743813248,0
