"Country","KD","KW","KM","KD0.5","KW0.5","KM0.5","KD1.5","KW1.5","KM1.5"
"Afghanistan",35.61126486323556,35.56037716458173,42.92512563653636,17.80563243161778,17.780188582290865,21.46256281826818,53.41689729485334,53.3405657468726,64.38768845480453
"Albania",35.15477927891947,37.03038850877429,52.306743201677364,17.577389639459735,18.515194254387144,26.153371600838682,52.7321689183792,55.545582763161434,78.46011480251605
"Algeria",31.345232407048425,34.54995543474129,54.31958725490802,15.672616203524212,17.274977717370646,27.15979362745401,47.017848610572635,51.82493315211194,81.47938088236204
"AmericanSamoa",23.516727409666284,26.261060050644037,44.86783458738009,11.758363704833142,13.130530025322019,22.433917293690044,35.275091114499425,39.39159007596606,67.30175188107013
"Andorra",29.933992851421493,31.693229344576128,35.57622990214897,14.966996425710747,15.846614672288064,17.788114951074483,44.90098927713224,47.539844016864194,53.36434485322345
"Angola",22.58708821411998,25.56699603605451,36.050649453198986,11.29354410705999,12.783498018027254,18.025324726599493,33.880632321179974,38.350494054081764,54.07597417979848
"Anguilla",33.865455049973434,38.63419432978899,56.16597426489712,16.932727524986717,19.317097164894495,28.08298713244856,50.79818257496015,57.95129149468349,84.24896139734568
"AntiguaBarbuda",38.83576985512127,37.3550022747622,47.92654324296263,19.417884927560635,18.6775011373811,23.963271621481315,58.253654782681906,56.0325034121433,71.88981486444395
"Argentina",28.514708081058064,29.21000110880481,35.02931394303324,14.257354040529032,14.605000554402405,17.51465697151662,42.7720621215871,43.81500166320721,52.54397091454986
"Armenia",33.00099184540406,36.29006486341349,49.76470386830267,16.50049592270203,18.145032431706746,24.882351934151334,49.50148776810609,54.43509729512024,74.647055802454
"Aruba",22.866285494639015,25.698774672297965,33.505915032188945,11.433142747319508,12.849387336148983,16.752957516094472,34.29942824195852,38.54816200844695,50.25887254828342
"Australia",40.406019595162924,46.72776570694391,56.051846089034676,20.203009797581462,23.363882853471956,28.025923044517338,60.60902939274439,70.09164856041588,84.07776913355201
"Austria",36.797236615224904,37.875122517714765,42.81978431740575,18.398618307612452,18.937561258857382,21.409892158702874,55.195854922837356,56.81268377657214,64.22967647610862
"Azerbaijan",34.862781712477656,35.81692015130774,47.57168067366739,17.431390856238828,17.90846007565387,23.785840336833694,52.29417256871648,53.72538022696161,71.35752101050107
"Bahamas",24.246137384093235,26.626652437234515,36.63969984975786,12.123068692046617,13.313326218617258,18.31984992487893,36.369206076139854,39.939978655851775,54.95954977463679
"Bahrain",28.340854099618902,30.63911864633395,36.46546448746732,14.170427049809451,15.319559323166976,18.23273224373366,42.511281149428356,45.958677969500926,54.69819673120098
"Bangladesh",39.77923711934474,42.5081314364312,50.123382984081196,19.88961855967237,21.2540657182156,25.061691492040598,59.66885567901711,63.7621971546468,75.1850744761218
"Barbados",48.326428953962235,47.905580297270404,59.90821427571322,24.163214476981118,23.952790148635202,29.95410713785661,72.48964343094335,71.8583704459056,89.86232141356983
"Belarus",29.32385074513615,29.2165890149714,39.258156085120646,14.661925372568074,14.6082945074857,19.629078042560323,43.98577611770422,43.8248835224571,58.88723412768097
"Belgium",29.007826691058046,28.57875969126806,42.62321477158322,14.503913345529023,14.28937984563403,21.31160738579161,43.51174003658707,42.86813953690209,63.93482215737483
"Belize",31.510921495400584,31.64313282286317,40.09941155715287,15.755460747700292,15.821566411431585,20.049705778576435,47.26638224310088,47.464699234294756,60.1491173357293
"Benin",22.264890484374458,25.00338617896587,34.02349066227654,11.132445242187229,12.501693089482934,17.01174533113827,33.397335726561685,37.5050792684488,51.0352359934148
"Bermuda",30.556493631342306,31.954430374958527,40.324971100340726,15.278246815671153,15.977215187479263,20.162485550170363,45.83474044701346,47.931645562437794,60.48745665051109
"Bhutan",27.100853676685816,26.872137634101605,35.66629674909165,13.550426838342908,13.436068817050803,17.833148374545825,40.65128051502872,40.30820645115241,53.49944512363747
"Bolivia",28.563229523057366,28.586244705894178,36.59223000259887,14.281614761528683,14.293122352947089,18.296115001299434,42.844844284586046,42.87936705884127,54.8883450038983
"BosniaHerzegovina",37.819797206189584,39.283869272511,53.68346320053021,18.909898603094792,19.6419346362555,26.841731600265106,56.72969580928438,58.9258039087665,80.52519480079532
"Botswana",20.77131159251265,24.667092064214184,49.17669611563194,10.385655796256325,12.333546032107092,24.58834805781597,31.156967388768976,37.000638096321275,73.7650441734479
"Brazil",32.65050137163762,33.09796011121639,40.49739183344521,16.32525068581881,16.548980055608194,20.248695916722603,48.975752057456425,49.64694016682458,60.74608775016781
"BritishVirginIslands",27.858802256244868,29.081576709918515,41.23254294099771,13.929401128122434,14.540788354959258,20.616271470498855,41.7882033843673,43.62236506487777,61.84881441149656
"Brunei",28.695390183156434,29.6070872892529,37.67632003517057,14.347695091578217,14.80354364462645,18.838160017585285,43.04308527473465,44.41063093387935,56.51448005275586
"Bulgaria",36.24045286377227,36.418405546183045,50.193561400160235,18.120226431886135,18.209202773091523,25.096780700080117,54.3606792956584,54.62760831927457,75.29034210024035
"BurkinaFaso",26.918337404381287,32.00821484553989,48.776350504292125,13.459168702190643,16.004107422769945,24.388175252146063,40.37750610657193,48.01232226830983,73.1645257564382
"Burundi",26.86382746127916,27.144093354333016,42.51867759710462,13.43191373063958,13.572046677166508,21.25933879855231,40.295741191918744,40.71614003149952,63.778016395656934
"Cambodia",49.731368633560244,49.58646103105804,51.358107737602886,24.865684316780122,24.79323051552902,25.679053868801443,74.59705295034037,74.37969154658707,77.03716160640433
"Cameroon",28.946201695291357,33.93930732875571,48.8759447351102,14.473100847645679,16.969653664377855,24.4379723675551,43.41930254293703,50.90896099313356,73.3139171026653
"Canada",26.899969268915687,28.400050885674048,34.02735612238102,13.449984634457843,14.200025442837024,17.01367806119051,40.34995390337353,42.60007632851107,51.04103418357153
"CapeVerde",21.54558814865941,24.216354018468174,36.19349064619474,10.772794074329704,12.108177009234087,18.09674532309737,32.318382222989115,36.324531027702264,54.29023596929211
"CaymanIslands",38.141649433064714,40.80763978873856,55.98570504193289,19.070824716532357,20.40381989436928,27.992852520966444,57.21247414959707,61.21145968310785,83.97855756289934
"CentralAfricanRepublic",32.88605485176886,38.62686906845546,53.37056781591208,16.44302742588443,19.31343453422773,26.68528390795604,49.32908227765329,57.940303602683194,80.05585172386813
"Chad",30.786461877327625,37.985085452719616,51.11562665219099,15.393230938663812,18.992542726359808,25.557813326095495,46.17969281599144,56.977628179079424,76.67343997828648
"Chile",33.01797345130209,33.59430849362924,37.77499172110985,16.508986725651045,16.79715424681462,18.887495860554925,49.52696017695314,50.39146274044386,56.66248758166478
"China",16.550898577801807,16.541387743076886,33.21926584301594,8.275449288900903,8.270693871538443,16.60963292150797,24.82634786670271,24.81208161461533,49.82889876452391
"Colombia",48.683563871864294,48.56392077118464,54.86502718145473,24.341781935932147,24.28196038559232,27.432513590727364,73.02534580779644,72.84588115677695,82.29754077218209
"Comoros",25.47932416751202,26.212550975556148,42.488088858336695,12.73966208375601,13.106275487778074,21.244044429168348,38.21898625126803,39.31882646333422,63.73213328750504
"RepublicCongo",39.674686439178586,37.9547804875013,45.65348584682606,19.837343219589293,18.97739024375065,22.82674292341303,59.51202965876788,56.93217073125196,68.48022877023908
"CookIslands",29.464658191924396,32.946658647242195,35.49117129551973,14.732329095962198,16.473329323621098,17.745585647759864,44.19698728788659,49.41998797086329,53.23675694327959
"CostaRica",37.7020549618197,37.61133557525664,44.45007487860685,18.85102748090985,18.80566778762832,22.225037439303424,56.55308244272955,56.417003362884955,66.67511231791028
"IvoryCoast",23.21972679357608,28.257032201498383,40.025550163411374,11.60986339678804,14.128516100749192,20.012775081705687,34.829590190364115,42.38554830224757,60.038325245117065
"Croatia",38.601001782881475,38.652413822296595,48.27685004358677,19.300500891440738,19.326206911148297,24.138425021793385,57.90150267432222,57.97862073344489,72.41527506538016
"Cuba",46.047429009216145,46.894277189456936,46.26399459756812,23.023714504608073,23.447138594728468,23.13199729878406,69.07114351382421,70.3414157841854,69.39599189635219
"Cyprus",38.714516058105666,38.665553612365514,55.89748136980598,19.357258029052833,19.332776806182757,27.94874068490299,58.0717740871585,57.99833041854827,83.84622205470897
"CzechRepublic",31.714650995036376,31.535791990396188,42.3654165564813,15.857325497518188,15.767895995198094,21.18270827824065,47.57197649255456,47.30368798559428,63.548124834721946
"DemocraticRepublicCongo",27.767124888029688,30.92952694610873,43.617372822365354,13.883562444014844,15.464763473054365,21.808686411182677,41.650687332044534,46.3942904191631,65.42605923354803
"Denmark",34.787144415309335,35.694654993878245,39.952815777824654,17.393572207654667,17.847327496939123,19.976407888912327,52.180716622964,53.54198249081737,59.92922366673698
"Djibouti",35.666591014820234,35.222306943773354,42.08767799956759,17.833295507410117,17.611153471886677,21.043838999783794,53.499886522230355,52.83346041566003,63.13151699935138
"Dominica",41.05895116616433,43.95069612965018,64.1702695579372,20.529475583082164,21.97534806482509,32.0851347789686,61.588426749246494,65.92604419447528,96.2554043369058
"DominicanRepublic",26.31493368089946,26.011476429086528,34.163543674377735,13.15746684044973,13.005738214543264,17.081771837188867,39.47240052134919,39.01721464362979,51.2453155115666
"Ecuador",27.55710061971788,29.731440043833118,43.88527849166052,13.77855030985894,14.865720021916559,21.94263924583026,41.335650929576815,44.59716006574968,65.82791773749078
"Egypt",45.53572833357251,46.16639672586603,51.024406271404345,22.767864166786254,23.083198362933015,25.512203135702173,68.30359250035876,69.24959508879904,76.53660940710651
"ElSalvador",32.35952255500163,34.24316567143742,48.72641245848612,16.179761277500816,17.12158283571871,24.36320622924306,48.53928383250245,51.36474850715612,73.08961868772917
"EquatorialGuinea",32.188718648719885,40.55132091459507,55.016620226427385,16.094359324359942,20.275660457297533,27.508310113213692,48.28307797307983,60.8269813718926,82.52493033964107
"Eritrea",36.64975522335732,41.695423517200794,50.62206639271639,18.32487761167866,20.847711758600397,25.311033196358196,54.974632835035976,62.54313527580119,75.93309958907459
"Estonia",31.958880912102128,33.015614907655625,37.61439509306469,15.979440456051064,16.507807453827812,18.807197546532343,47.93832136815319,49.52342236148344,56.42159263959703
"Swaziland",28.784383684153998,31.179184358594448,44.826908044720746,14.392191842076999,15.589592179297224,22.413454022360373,43.176575526231,46.76877653789167,67.24036206708112
"Ethiopia",30.605149171005557,32.78795481476128,48.01459209316404,15.302574585502779,16.39397740738064,24.00729604658202,45.90772375650833,49.18193222214192,72.02188813974607
"FalklandIslands",20.268604172916515,20.95434553255222,34.90287891363316,10.134302086458257,10.47717276627611,17.45143945681658,30.402906259374774,31.43151829882833,52.35431837044974
"FaroeIslands",33.347529277445744,33.433221165420825,38.037476940218696,16.673764638722872,16.716610582710413,19.018738470109348,50.02129391616862,50.149831748131234,57.05621541032804
"Fiji",33.59471807075436,35.47259185253164,46.31441968880065,16.79735903537718,17.73629592626582,23.157209844400324,50.39207710613154,53.20888777879746,69.47162953320097
"Finland",46.19065240777825,47.17206382656542,50.96999043666916,23.095326203889126,23.58603191328271,25.48499521833458,69.28597861166737,70.75809573984813,76.45498565500374
"France",32.95007638886508,33.548454064086705,40.32550463776997,16.47503819443254,16.774227032043353,20.162752318884984,49.42511458329761,50.322681096130054,60.48825695665495
"FrenchGuiana",20.809777990235272,22.29036546546839,33.30089159474559,10.404888995117636,11.145182732734195,16.650445797372797,31.214666985352906,33.43554819820258,49.95133739211839
"FrenchPolynesia",30.220138286846858,31.46993087200886,45.92910226906161,15.110069143423429,15.73496543600443,22.964551134530804,45.330207430270285,47.20489630801329,68.89365340359241
"Gabon",31.812610489844207,37.51595219745189,48.24514147141731,15.906305244922104,18.757976098725944,24.122570735708656,47.71891573476631,56.27392829617783,72.36771220712598
"Gambia",33.8379490709292,38.397233903033495,50.78384689722859,16.9189745354646,19.198616951516748,25.391923448614296,50.7569236063938,57.59585085455024,76.17577034584289
"Georgia",28.501149381062103,29.875831020510518,35.82022348835721,14.250574690531051,14.937915510255259,17.910111744178604,42.75172407159315,44.813746530765776,53.73033523253581
"Germany",43.34702952818475,43.32818301160404,48.07722103713839,21.673514764092374,21.66409150580202,24.038610518569197,65.02054429227712,64.99227451740606,72.11583155570759
"Ghana",40.702195229208186,41.31269895812706,58.72451250476737,20.351097614604093,20.65634947906353,29.362256252383684,61.05329284381228,61.96904843719059,88.08676875715105
"Gibraltar",41.63311782916665,41.858430912107266,45.89336528174448,20.816558914583325,20.929215456053633,22.94668264087224,62.449676743749976,62.7876463681609,68.84004792261672
"Greece",36.26035589316457,37.59302372286091,48.25614783518614,18.130177946582286,18.796511861430456,24.12807391759307,54.39053383974686,56.389535584291366,72.38422175277921
"Greenland",22.286054262272337,24.259402241756504,33.99899385590891,11.143027131136169,12.129701120878252,16.999496927954453,33.42908139340851,36.389103362634756,50.99849078386336
"Grenada",34.258097695482434,36.18080768646908,44.879420462478706,17.129048847741217,18.09040384323454,22.439710231239353,51.38714654322365,54.27121152970362,67.31913069371805
"Guadeloupe",28.878259369509685,30.373484832677306,45.60837730923053,14.439129684754842,15.186742416338653,22.804188654615263,43.317389054264524,45.56022724901596,68.4125659638458
"Guam",24.489785102297926,27.60148424472976,36.22767741882148,12.244892551148963,13.80074212236488,18.11383870941074,36.73467765344689,41.40222636709464,54.341516128232215
"Guatemala",38.94803724734425,43.0521949158403,50.98083619368323,19.474018623672126,21.52609745792015,25.490418096841616,58.42205587101638,64.57829237376046,76.47125429052485
"Guinea",34.21358450371928,33.27369930733454,50.040635125291786,17.10679225185964,16.63684965366727,25.020317562645893,51.32037675557892,49.91054896100181,75.06095268793769
"GuineaBissau",41.48668249805093,41.48459917969538,47.09711465006455,20.743341249025466,20.74229958984769,23.548557325032274,62.2300237470764,62.22689876954307,70.64567197509682
"Guyana",25.372191313909703,25.536080386881654,35.39865247265055,12.686095656954851,12.768040193440827,17.699326236325273,38.05828697086456,38.30412058032248,53.097978708975816
"Haiti",39.468421164300544,43.783233612555854,47.920662925411705,19.734210582150272,21.891616806277927,23.960331462705852,59.20263174645082,65.67485041883378,71.88099438811756
"Honduras",49.8046466509139,49.52835326379645,50.64029741375307,24.90232332545695,24.764176631898223,25.320148706876534,74.70696997637086,74.29252989569467,75.9604461206296
"Hungary",37.04652410019866,36.84213767071529,48.59301188513165,18.52326205009933,18.421068835357644,24.296505942565826,55.569786150297986,55.26320650607293,72.88951782769747
"Iceland",34.678929163203655,35.51070714679405,43.365202788732994,17.339464581601828,17.755353573397024,21.682601394366497,52.01839374480548,53.26606072019107,65.04780418309949
"India",36.954009166381965,37.15828786634315,39.245905871929224,18.477004583190983,18.579143933171576,19.622952935964612,55.43101374957295,55.737431799514724,58.86885880789384
"Indonesia",36.42534152586806,38.8275138226656,50.24348928611148,18.21267076293403,19.4137569113328,25.12174464305574,54.638012288802095,58.241270733998405,75.36523392916723
"Iran",44.31052247625981,44.981355871335914,45.84659786011868,22.155261238129906,22.490677935667957,22.92329893005934,66.46578371438972,67.47203380700387,68.76989679017802
"Iraq",43.22058999755638,45.04854459751937,50.73243662385296,21.61029499877819,22.524272298759684,25.36621831192648,64.83088499633458,67.57281689627905,76.09865493577945
"Ireland",27.57781091730384,27.254768429090113,36.01577563560078,13.78890545865192,13.627384214545057,18.00788781780039,41.36671637595576,40.882152643635166,54.02366345340117
"Israel",28.405096177591254,28.84558158615053,44.93483345705197,14.202548088795627,14.422790793075265,22.467416728525986,42.607644266386885,43.268372379225795,67.40225018557796
"Italy",35.424810528350534,35.91006739777066,41.6875493237825,17.712405264175267,17.95503369888533,20.84377466189125,53.1372157925258,53.86510109665599,62.53132398567375
"Jamaica",32.29864339136243,33.591118269381944,42.25345078315589,16.149321695681216,16.795559134690972,21.126725391577946,48.44796508704365,50.38667740407291,63.38017617473383
"Japan",43.78240826342748,44.241806934573965,44.20923831688605,21.89120413171374,22.120903467286983,22.104619158443025,65.67361239514122,66.36271040186095,66.31385747532907
"Jordan",29.995957892185388,30.869789598709836,38.656844735187164,14.997978946092694,15.434894799354918,19.328422367593582,44.99393683827808,46.30468439806475,57.985267102780746
"Kazakhstan",30.919289302187902,34.59187295983337,46.830759717645485,15.459644651093951,17.295936479916683,23.415379858822742,46.37893395328185,51.88780943975005,70.24613957646822
"Kenya",31.97458979642336,35.58288838585206,53.22888356038988,15.98729489821168,17.79144419292603,26.61444178019494,47.96188469463504,53.37433257877809,79.84332534058483
"Kiribati",17.253579257061745,22.732500113765084,33.329693709490236,8.626789628530872,11.366250056882542,16.664846854745118,25.880368885592617,34.09875017064763,49.99454056423535
"Kuwait",31.51206243043731,31.348456787274415,44.616998008601456,15.756031215218655,15.674228393637208,22.308499004300728,47.268093645655966,47.02268518091162,66.92549701290218
"Kyrgyzstan",34.01622428039397,36.40569583154142,36.42328784849911,17.008112140196985,18.20284791577071,18.211643924249554,51.024336420590956,54.60854374731213,54.63493177274866
"Laos",36.45275053055134,36.36744921925632,54.57295978182955,18.22637526527567,18.18372460962816,27.286479890914777,54.67912579582701,54.55117382888449,81.85943967274433
"Latvia",36.21345999177739,36.54463559032674,39.98733155748535,18.106729995888696,18.27231779516337,19.993665778742674,54.32018998766608,54.81695338549011,59.98099733622802
"Lebanon",37.05406405979315,38.5044233688831,49.864620287921504,18.527032029896574,19.25221168444155,24.932310143960752,55.58109608968972,57.75663505332466,74.79693043188226
"Lesotho",36.024582826540616,35.215519488611655,55.96381848159275,18.012291413270308,17.607759744305827,27.981909240796377,54.03687423981093,52.823279232917486,83.94572772238914
"Liberia",22.53839805042121,24.028282777872683,40.91215451676186,11.269199025210606,12.014141388936341,20.45607725838093,33.80759707563182,36.04242416680903,61.36823177514279
"Libya",34.150371084728725,37.67345772998652,47.112641163406074,17.075185542364363,18.83672886499326,23.556320581703037,51.225556627093084,56.51018659497977,70.66896174510912
"Liechtenstein",39.23222788655066,39.12873292334929,42.82952526715038,19.61611394327533,19.564366461674645,21.41476263357519,58.84834182982599,58.693099385023935,64.24428790072557
"Lithuania",31.25989526587414,32.57271200048941,39.34710421979279,15.62994763293707,16.286356000244705,19.673552109896395,46.88984289881121,48.85906800073411,59.02065632968919
"Luxembourg",35.01361945235972,35.66751265156469,45.298660782192414,17.50680972617986,17.833756325782346,22.649330391096207,52.52042917853958,53.50126897734704,67.94799117328861
"Madagascar",35.35590677557549,38.742949326748,47.1639021675226,17.677953387787745,19.371474663374,23.5819510837613,53.03386016336324,58.11442399012199,70.7458532512839
"Malawi",37.435192398616,42.36307814163634,61.973696479704856,18.717596199308,21.18153907081817,30.986848239852428,56.152788597924,63.54461721245451,92.96054471955728
"Malaysia",44.937856875750235,45.127106825385845,46.803338379281556,22.468928437875118,22.563553412692922,23.401669189640778,67.40678531362535,67.69066023807876,70.20500756892233
"Maldives",28.256417081165285,29.92444301873886,43.638356287384084,14.128208540582643,14.96222150936943,21.819178143692042,42.38462562174793,44.88666452810829,65.45753443107613
"Mali",23.606419190109857,26.06448588129748,35.50339134326712,11.803209595054929,13.03224294064874,17.75169567163356,35.409628785164784,39.096728821946215,53.25508701490068
"Malta",28.821186861485597,31.353003516011213,44.253230259866235,14.410593430742798,15.676501758005607,22.126615129933118,43.23178029222839,47.02950527401682,66.37984538979936
"MarshallIslands",18.156164121538158,21.93249609720655,33.79486634762952,9.078082060769079,10.966248048603275,16.89743317381476,27.23424618230724,32.89874414580982,50.69229952144428
"Martinique",38.09141608811743,41.096030755857804,60.83534969054698,19.045708044058713,20.548015377928902,30.41767484527349,57.13712413217614,61.6440461337867,91.25302453582046
"Mauritania",26.718632176547164,25.44218703180689,37.187915017336465,13.359316088273582,12.721093515903444,18.593957508668232,40.07794826482075,38.16328054771033,55.7818725260047
"Mauritius",34.14991804816807,36.4366193031851,50.92917830591108,17.074959024084034,18.21830965159255,25.46458915295554,51.2248770722521,54.654928954777645,76.39376745886662
"Mayotte",18.534199257685792,20.82138574669625,37.0298416696077,9.267099628842896,10.410692873348125,18.51492083480385,27.801298886528688,31.232078620044376,55.54476250441155
"Mexico",30.52437576016342,29.97658820632131,41.55005738812583,15.26218788008171,14.988294103160655,20.775028694062915,45.78656364024513,44.964882309481965,62.32508608218875
"Micronesia",23.749577904849858,23.09150051608293,37.6147635376506,11.874788952424929,11.545750258041465,18.8073817688253,35.62436685727479,34.6372507741244,56.422145306475905
"Moldova",30.12045853947104,31.216056941006187,43.88546855653955,15.06022926973552,15.608028470503093,21.942734278269775,45.18068780920656,46.82408541150928,65.82820283480933
"Monaco",34.34022919591448,34.3725833370393,37.70285375584945,17.17011459795724,17.18629166851965,18.851426877924727,51.510343793871726,51.55887500555895,56.554280633774184
"Mongolia",44.95360001140206,47.69146383549309,47.20469751987306,22.47680000570103,23.845731917746544,23.60234875993653,67.4304000171031,71.53719575323963,70.80704627980958
"Montenegro",26.59699976596462,26.809365623712473,49.81538386665464,13.29849988298231,13.404682811856237,24.90769193332732,39.895499648946924,40.214048435568714,74.72307579998196
"Montserrat",23.36665020701046,23.663256034151644,35.246974975146294,11.68332510350523,11.831628017075822,17.623487487573147,35.04997531051569,35.494884051227466,52.870462462719445
"Morocco",40.12881625445716,39.87631824476159,43.193038184519224,20.06440812722858,19.938159122380796,21.596519092259612,60.193224381685745,59.81447736714239,64.78955727677884
"Mozambique",25.231504303422213,31.320666859180196,43.02685487206478,12.615752151711106,15.660333429590098,21.51342743603239,37.84725645513332,46.981000288770296,64.54028230809718
"Myanmar",36.645403974801454,37.0749685785942,50.07606279576411,18.322701987400727,18.5374842892971,25.038031397882055,54.96810596220218,55.61245286789131,75.11409419364617
"Namibia",33.0486457489679,34.5118914317961,43.16508182601331,16.52432287448395,17.25594571589805,21.582540913006653,49.57296862345185,51.76783714769415,64.74762273901996
"Nauru",20.422430524227845,22.812199750259698,40.1516301037486,10.211215262113923,11.406099875129849,20.0758150518743,30.633645786341766,34.21829962538955,60.2274451556229
"Nepal",38.31649716516916,37.889781287147315,39.837790823165,19.15824858258458,18.944890643573657,19.9188954115825,57.474745747753744,56.83467193072097,59.756686234747505
"Netherlands",34.01112536900744,34.41343807817729,43.92603808329854,17.00556268450372,17.206719039088647,21.96301904164927,51.01668805351116,51.62015711726594,65.88905712494781
"NewCaledonia",31.709074048991244,31.890405983586607,36.47990165064161,15.854537024495622,15.945202991793304,18.239950825320804,47.56361107348687,47.83560897537991,54.71985247596241
"NewZealand",38.59253287018178,38.800764887478735,43.838205210728674,19.29626643509089,19.400382443739367,21.919102605364337,57.88879930527267,58.2011473312181,65.757307816093
"Nicaragua",42.5779162086083,49.21051835657087,53.57089260731397,21.28895810430415,24.605259178285436,26.785446303656986,63.86687431291245,73.81577753485631,80.35633891097096
"Niger",37.90911483373891,40.95511943086906,49.24955415613784,18.954557416869456,20.47755971543453,24.62477707806892,56.86367225060837,61.43267914630359,73.87433123420676
"Nigeria",38.23159149719262,42.29585262749262,46.681475875831495,19.11579574859631,21.14792631374631,23.340737937915748,57.34738724578892,63.44377894123893,70.02221381374724
"Niue",12.70121039539696,12.08210420535693,19.1698640341255,6.35060519769848,6.041052102678465,9.58493201706275,19.05181559309544,18.123156308035398,28.75479605118825
"Macedonia",43.611145519311286,43.558232239262125,55.57969036017791,21.805572759655643,21.779116119631063,27.789845180088957,65.41671827896693,65.3373483588932,83.36953554026687
"NorthernMarianaIslands",31.38457251562951,31.943871491908272,40.24873489845,15.692286257814756,15.971935745954136,20.124367449225,47.076858773444265,47.91580723786241,60.373102347675
"Norway",35.078969366736,35.817808704167646,40.071102476848466,17.539484683368,17.908904352083823,20.035551238424233,52.61845405010399,53.72671305625147,60.1066537152727
"Oman",48.02613972904507,48.171799398473084,56.03379027194063,24.013069864522535,24.085899699236542,28.016895135970316,72.0392095935676,72.25769909770963,84.05068540791095
"Pakistan",45.5651453019644,47.814167403235,62.12707108977605,22.7825726509822,23.9070837016175,31.063535544888026,68.3477179529466,71.7212511048525,93.19060663466408
"Palau",26.176189731997795,25.410699755694367,35.036040697260134,13.088094865998897,12.705349877847183,17.518020348630067,39.26428459799669,38.11604963354155,52.5540610458902
"Panama",27.12858417102519,29.58827710359747,42.654862578737394,13.564292085512594,14.794138551798735,21.327431289368697,40.69287625653779,44.3824156553962,63.98229386810609
"PapuaNewGuinea",35.22111579176885,39.3073633071432,48.95677498823247,17.610557895884426,19.6536816535716,24.478387494116234,52.83167368765328,58.9610449607148,73.4351624823487
"Paraguay",37.65191119170973,37.40501990361967,55.51585028483239,18.825955595854865,18.702509951809834,27.757925142416195,56.477866787564594,56.107529855429505,83.27377542724858
"Peru",26.259167686591926,25.913241251651364,43.74274780594303,13.129583843295963,12.956620625825682,21.871373902971516,39.38875152988789,38.86986187747705,65.61412170891455
"Philippines",31.810846722706465,34.1089461234504,48.271766675228,15.905423361353233,17.0544730617252,24.135883337614,47.7162700840597,51.1634191851756,72.407650012842
"PitcairnIslands",16.005203807454436,17.263089057891555,33.33333333333333,8.002601903727218,8.631544528945778,16.666666666666664,24.007805711181653,25.894633586837333,49.99999999999999
"Poland",37.121761374912204,38.694461617650134,51.42500819554966,18.560880687456102,19.347230808825067,25.71250409777483,55.6826420623683,58.0416924264752,77.13751229332449
"Portugal",32.07406006102312,32.67555745307387,45.24383181986061,16.03703003051156,16.337778726536936,22.621915909930305,48.11109009153468,49.0133361796108,67.86574772979091
"PuertoRico",32.28771233018382,33.92369251036718,42.124783816902834,16.14385616509191,16.96184625518359,21.062391908451417,48.431568495275734,50.88553876555078,63.18717572535425
"Qatar",27.903716952010278,29.68392625277629,39.206717506989825,13.951858476005139,14.841963126388144,19.603358753494913,41.85557542801541,44.52588937916443,58.810076260484735
"Reunion",29.419722768651923,29.775847913295923,39.42496494637628,14.709861384325961,14.887923956647962,19.71248247318814,44.129584152977884,44.663771869943886,59.13744741956442
"Russia",29.490855648150333,30.652674701985305,35.87924745510014,14.745427824075167,15.326337350992652,17.93962372755007,44.2362834722255,45.97901205297796,53.81887118265021
"Rwanda",34.53565441397433,37.26394135576988,45.009609110027974,17.267827206987164,18.63197067788494,22.504804555013987,51.80348162096149,55.895912033654824,67.51441366504196
"SaintHelena",16.999004296148698,20.287829060348557,39.55148608682691,8.499502148074349,10.143914530174278,19.775743043413456,25.498506444223047,30.431743590522835,59.32722913024037
"SaintKittsNevis",23.731149350788268,25.876565835009774,36.4430346874024,11.865574675394134,12.938282917504887,18.2215173437012,35.5967240261824,38.81484875251466,54.664552031103604
"SaintLucia",29.665389283659056,29.786733951019094,41.00024340661035,14.832694641829528,14.893366975509547,20.500121703305176,44.49808392548859,44.68010092652864,61.50036510991553
"SaintPierreMiquelon",22.983300421168305,25.61359470934669,48.52346470554785,11.491650210584153,12.806797354673344,24.261732352773926,34.474950631752456,38.420392064020035,72.78519705832178
"SaintVincentGrenadines",31.66854189319231,37.93779707431479,45.94866712418132,15.834270946596154,18.968898537157393,22.97433356209066,47.50281283978846,56.90669561147218,68.92300068627198
"Samoa",24.96431777135422,28.181238636918437,44.157357103913625,12.48215888567711,14.090619318459218,22.078678551956813,37.44647665703133,42.271857955377655,66.23603565587044
"SanMarino",35.45569544555952,36.69478219597883,37.78488787832623,17.72784772277976,18.347391097989416,18.892443939163115,53.183543168339284,55.04217329396825,56.677331817489346
"SaoTomePrincipe",24.721874821780776,24.811870544661215,35.551231686546956,12.360937410890388,12.405935272330607,17.775615843273478,37.082812232671166,37.21780581699182,53.326847529820434
"SaudiArabia",38.95822531011408,39.53041052201049,56.04744496646078,19.47911265505704,19.765205261005246,28.02372248323039,58.437337965171125,59.295615783015734,84.07116744969117
"Senegal",32.81363184734429,34.150187770617734,49.32329948190654,16.406815923672145,17.075093885308867,24.66164974095327,49.22044777101644,51.2252816559266,73.98494922285981
"Serbia",36.120081455839006,36.60140001861992,50.92613686014875,18.060040727919503,18.30070000930996,25.463068430074376,54.18012218375851,54.902100027929876,76.38920529022313
"Seychelles",28.0114333598939,28.87549834960247,38.16655421795589,14.00571667994695,14.437749174801235,19.083277108977946,42.01715003984085,43.31324752440371,57.24983132693384
"SierraLeone",31.50097834380525,33.725633634381914,54.64687805325479,15.750489171902625,16.862816817190957,27.323439026627394,47.25146751570787,50.58845045157287,81.97031707988218
"Singapore",37.60353765711797,38.709800980804,45.468460932036386,18.801768828558984,19.354900490402,22.734230466018193,56.40530648567695,58.06470147120599,68.20269139805458
"Slovakia",35.91771034355556,36.3381271296105,42.12063127128914,17.95885517177778,18.16906356480525,21.06031563564457,53.87656551533334,54.50719069441575,63.18094690693371
"Slovenia",27.37905342732941,28.968448454888968,40.93991795618256,13.689526713664705,14.484224227444484,20.46995897809128,41.068580140994115,43.45267268233345,61.40987693427384
"SolomonIslands",20.2131907605778,25.743016223282318,53.57748215985884,10.1065953802889,12.871508111641159,26.78874107992942,30.319786140866697,38.61452433492347,80.36622323978825
"Somalia",48.78055122830639,47.71012094598115,45.919398805239915,24.390275614153197,23.855060472990576,22.959699402619957,73.17082684245959,71.56518141897173,68.87909820785987
"SouthAfrica",41.547141040917616,45.331280837955156,56.020226980872756,20.773570520458808,22.665640418977578,28.010113490436378,62.32071156137643,67.99692125693274,84.03034047130913
"SouthKorea",32.26542555891391,33.94109190347999,40.496649410511864,16.132712779456956,16.970545951739997,20.248324705255932,48.39813833837087,50.91163785521999,60.744974115767796
"Spain",31.839207687421624,32.211791608756144,34.257750366198245,15.919603843710812,16.105895804378072,17.128875183099122,47.75881153113244,48.317687413134216,51.386625549297364
"SriLanka",33.817845548371366,35.17886179118508,51.89273318968608,16.908922774185683,17.58943089559254,25.94636659484304,50.72676832255705,52.76829268677761,77.83909978452913
"Sudan",32.17207385498994,32.62258321356473,45.936687171452505,16.08603692749497,16.311291606782365,22.968343585726252,48.258110782484906,48.9338748203471,68.90503075717876
"Suriname",30.762037854752073,31.006419095192523,42.03917591818948,15.381018927376036,15.503209547596262,21.01958795909474,46.14305678212811,46.50962864278878,63.05876387728422
"Sweden",26.482129733448232,26.974218024550726,40.7172501980454,13.241064866724116,13.487109012275363,20.3586250990227,39.72319460017235,40.46132703682609,61.075875297068094
"Switzerland",37.5917501889708,38.02738234273486,49.394830075376674,18.7958750944854,19.01369117136743,24.697415037688337,56.3876252834562,57.041073514102294,74.09224511306502
"Syria",38.232151564469994,40.39911317366574,42.46043870362554,19.116075782234997,20.19955658683287,21.23021935181277,57.34822734670499,60.59866976049861,63.69065805543831
"Tajikistan",29.5843452000784,33.55697994742482,56.21153826756778,14.7921726000392,16.77848997371241,28.10576913378389,44.3765178001176,50.33546992113723,84.31730740135167
"Tanzania",16.203010266785064,17.901981941260498,33.40815273374638,8.101505133392532,8.950990970630249,16.70407636687319,24.304515400177596,26.852972911890745,50.112229100619565
"Thailand",51.48685629678638,52.077844731885136,56.140026750325674,25.74342814839319,26.038922365942568,28.070013375162837,77.23028444517956,78.1167670978277,84.21004012548852
"Togo",29.42609164306798,31.71789896323261,41.9725182538187,14.71304582153399,15.858949481616305,20.98625912690935,44.13913746460197,47.57684844484891,62.95877738072805
"Tokelau",2.051949189053775,1.8682996580290379,2.645502602784916,1.0259745945268874,0.9341498290145189,1.322751301392458,3.0779237835806623,2.802449487043557,3.9682539041773737
"Tonga",29.226303423801873,30.96281056717135,49.45990910096394,14.613151711900937,15.481405283585675,24.72995455048197,43.839455135702806,46.444215850757026,74.1898636514459
"TrinidadTobago",46.04857294840629,50.89276199521585,55.279393511906484,23.024286474203144,25.446380997607925,27.639696755953242,69.07285942260944,76.33914299282378,82.91909026785973
"Tunisia",34.249804888823476,37.82864471823261,49.07316406892893,17.124902444411738,18.914322359116305,24.536582034464466,51.374707333235214,56.742967077348915,73.6097461033934
"Turkey",39.294743803965254,40.12893787279963,44.2321539547163,19.647371901982627,20.064468936399816,22.11607697735815,58.942115705947884,60.193406809199445,66.34823093207446
"TurksCaicosIslands",20.179012967207523,22.80996007567655,34.150726365563436,10.089506483603762,11.404980037838275,17.075363182781718,30.268519450811283,34.21494011351483,51.22608954834516
"Tuvalu",22.58865749317126,22.72470245499581,33.40899232973577,11.29432874658563,11.362351227497905,16.704496164867884,33.88298623975689,34.08705368249372,50.11348849460365
"Uganda",22.99561433658691,28.114696650938125,51.60151306166271,11.497807168293456,14.057348325469063,25.800756530831354,34.49342150488037,42.172044976407186,77.40226959249406
"Ukraine",37.837991460481355,38.375768807216154,44.74086776484465,18.918995730240677,19.187884403608077,22.370433882422326,56.75698719072203,57.56365321082423,67.11130164726697
"UnitedArabEmirates",47.37784630765821,48.0891998631793,56.19142039968749,23.688923153829105,24.04459993158965,28.095710199843744,71.06676946148731,72.13379979476895,84.28713059953122
"UnitedKingdom",32.728915458398184,32.604819771832446,40.39139560415977,16.364457729199092,16.302409885916223,20.195697802079884,49.09337318759728,48.90722965774867,60.58709340623965
"UnitedStatesVirginIslands",27.347475159073596,26.993069255782405,35.46158306396453,13.673737579536798,13.496534627891203,17.730791531982266,41.021212738610394,40.48960388367361,53.1923745959468
"Uruguay",33.36659481015099,33.97964737347764,45.13733029291661,16.683297405075496,16.98982368673882,22.568665146458304,50.04989221522649,50.96947106021646,67.70599543937492
"Uzbekistan",40.366961395803706,43.52086026915373,53.01627330408132,20.183480697901853,21.760430134576865,26.50813665204066,60.550442093705556,65.2812904037306,79.52440995612197
"Vanuatu",33.30132040163891,31.822213477758627,40.37138657852697,16.650660200819456,15.911106738879313,20.185693289263487,49.95198060245836,47.73332021663794,60.55707986779046
"VaticanCity",16.920459210530353,18.625291944560235,36.98310719115823,8.460229605265177,9.312645972280118,18.491553595579116,25.38068881579553,27.937937916840355,55.474660786737346
"Venezuela",49.881759438827274,49.68776098832752,67.67242913088026,24.940879719413637,24.84388049416376,33.83621456544013,74.82263915824092,74.53164148249128,101.50864369632039
"Vietnam",26.851905482103668,26.972838053596384,34.59997311397161,13.425952741051834,13.486419026798192,17.299986556985804,40.277858223155505,40.45925708039458,51.899959670957415
"WallisFutuna",16.08555120629238,17.374229977127367,33.4403733882432,8.04277560314619,8.687114988563684,16.7201866941216,24.12832680943857,26.06134496569105,50.1605600823648
"Yemen",36.52537841828695,36.53207322535348,44.15300711435492,18.262689209143474,18.26603661267674,22.07650355717746,54.78806762743042,54.798109838030214,66.22951067153238
"Zambia",33.15059134747794,35.163659171503674,45.35000834682155,16.57529567373897,17.581829585751837,22.675004173410773,49.72588702121691,52.745488757255515,68.02501252023232
"Zimbabwe",29.728072345552665,28.775824954704433,43.35582325077003,14.864036172776332,14.387912477352216,21.677911625385015,44.592108518329,43.16373743205665,65.03373487615505
